cycle,state,raised_from_pacs,raised_from_individuals,raised_total,text
1990,  ,0.0,0.0,0,Total PAC contribution:0.0<br>Total Individual Contributions: 0.0
1990,AK,1369517.0,634235.0,2771479,Total PAC contribution:1369517.0<br>Total Individual Contributions: 634235.0
1990,AL,4555463.0,4177211.0,12214503,Total PAC contribution:4555463.0<br>Total Individual Contributions: 4177211.0
1990,AR,1934737.0,1649868.0,5710487,Total PAC contribution:1934737.0<br>Total Individual Contributions: 1649868.0
1990,AS,21568.0,48726.0,248010,Total PAC contribution:21568.0<br>Total Individual Contributions: 48726.0
1990,AZ,949119.0,782224.0,2708155,Total PAC contribution:949119.0<br>Total Individual Contributions: 782224.0
1990,CA,12859463.0,15193950.0,47071115,Total PAC contribution:12859463.0<br>Total Individual Contributions: 15193950.0
1990,CO,6713204.0,5077040.0,19010325,Total PAC contribution:6713204.0<br>Total Individual Contributions: 5077040.0
1990,CT,2677151.0,2338819.0,7881034,Total PAC contribution:2677151.0<br>Total Individual Contributions: 2338819.0
1990,DC,221111.0,374541.0,1273066,Total PAC contribution:221111.0<br>Total Individual Contributions: 374541.0
1990,DE,1806114.0,2161536.0,4770050,Total PAC contribution:1806114.0<br>Total Individual Contributions: 2161536.0
1990,FL,6625600.0,6958649.0,21102698,Total PAC contribution:6625600.0<br>Total Individual Contributions: 6958649.0
1990,GA,4035147.0,3287302.0,11400466,Total PAC contribution:4035147.0<br>Total Individual Contributions: 3287302.0
1990,GU,25055.0,32699.0,147326,Total PAC contribution:25055.0<br>Total Individual Contributions: 32699.0
1990,HI,4935369.0,4270675.0,13250395,Total PAC contribution:4935369.0<br>Total Individual Contributions: 4270675.0
1990,IA,7076457.0,5267404.0,23633729,Total PAC contribution:7076457.0<br>Total Individual Contributions: 5267404.0
1990,ID,3995006.0,1399922.0,7813819,Total PAC contribution:3995006.0<br>Total Individual Contributions: 1399922.0
1990,IL,15518021.0,13769067.0,48016420,Total PAC contribution:15518021.0<br>Total Individual Contributions: 13769067.0
1990,IN,9455972.0,6197069.0,24802469,Total PAC contribution:9455972.0<br>Total Individual Contributions: 6197069.0
1990,KS,2067758.0,1156598.0,4554163,Total PAC contribution:2067758.0<br>Total Individual Contributions: 1156598.0
1990,KY,3550006.0,3877849.0,12523047,Total PAC contribution:3550006.0<br>Total Individual Contributions: 3877849.0
1990,LA,3951173.0,4098963.0,12898107,Total PAC contribution:3951173.0<br>Total Individual Contributions: 4098963.0
1990,MA,2956607.0,6718132.0,14393647,Total PAC contribution:2956607.0<br>Total Individual Contributions: 6718132.0
1990,MD,2970590.0,2376455.0,8426800,Total PAC contribution:2970590.0<br>Total Individual Contributions: 2376455.0
1990,ME,1739230.0,2813286.0,6781873,Total PAC contribution:1739230.0<br>Total Individual Contributions: 2813286.0
1990,MI,10380991.0,8517211.0,31076909,Total PAC contribution:10380991.0<br>Total Individual Contributions: 8517211.0
1990,MN,5066012.0,4224594.0,12025789,Total PAC contribution:5066012.0<br>Total Individual Contributions: 4224594.0
1990,MO,4446107.0,2825922.0,10545084,Total PAC contribution:4446107.0<br>Total Individual Contributions: 2825922.0
1990,MS,2301892.0,1653038.0,5951924,Total PAC contribution:2301892.0<br>Total Individual Contributions: 1653038.0
1990,MT,2402203.0,1426960.0,4698230,Total PAC contribution:2402203.0<br>Total Individual Contributions: 1426960.0
1990,NC,6941944.0,9228023.0,38992423,Total PAC contribution:6941944.0<br>Total Individual Contributions: 9228023.0
1990,ND,891161.0,302039.0,1540186,Total PAC contribution:891161.0<br>Total Individual Contributions: 302039.0
1990,NE,3848474.0,2973559.0,10629537,Total PAC contribution:3848474.0<br>Total Individual Contributions: 2973559.0
1990,NH,2680397.0,2984905.0,7275513,Total PAC contribution:2680397.0<br>Total Individual Contributions: 2984905.0
1990,NJ,5670655.0,10366920.0,20640700,Total PAC contribution:5670655.0<br>Total Individual Contributions: 10366920.0
1990,NM,1818401.0,1390517.0,4805042,Total PAC contribution:1818401.0<br>Total Individual Contributions: 1390517.0
1990,NV,684511.0,1119964.0,3091903,Total PAC contribution:684511.0<br>Total Individual Contributions: 1119964.0
1990,NY,7987644.0,6925143.0,21903280,Total PAC contribution:7987644.0<br>Total Individual Contributions: 6925143.0
1990,OH,4556630.0,2216356.0,9750905,Total PAC contribution:4556630.0<br>Total Individual Contributions: 2216356.0
1990,OK,1535216.0,2774571.0,7576010,Total PAC contribution:1535216.0<br>Total Individual Contributions: 2774571.0
1990,OR,3423930.0,2386341.0,8364419,Total PAC contribution:3423930.0<br>Total Individual Contributions: 2386341.0
1990,PA,5719697.0,5222744.0,14630053,Total PAC contribution:5719697.0<br>Total Individual Contributions: 5222744.0
1990,PR,750.0,0.0,750,Total PAC contribution:750.0<br>Total Individual Contributions: 0.0
1990,RI,3922887.0,3541581.0,12333835,Total PAC contribution:3922887.0<br>Total Individual Contributions: 3541581.0
1990,SC,2670736.0,1641971.0,5491357,Total PAC contribution:2670736.0<br>Total Individual Contributions: 1641971.0
1990,SD,2264284.0,1593373.0,5948019,Total PAC contribution:2264284.0<br>Total Individual Contributions: 1593373.0
1990,TN,4156202.0,2898343.0,8385933,Total PAC contribution:4156202.0<br>Total Individual Contributions: 2898343.0
1990,TX,11643978.0,15410044.0,38670569,Total PAC contribution:11643978.0<br>Total Individual Contributions: 15410044.0
1990,UT,1293089.0,977798.0,3401901,Total PAC contribution:1293089.0<br>Total Individual Contributions: 977798.0
1990,VA,3818507.0,3733951.0,11937723,Total PAC contribution:3818507.0<br>Total Individual Contributions: 3733951.0
1990,VI,7150.0,7950.0,23650,Total PAC contribution:7150.0<br>Total Individual Contributions: 7950.0
1990,VT,602180.0,422469.0,1482443,Total PAC contribution:602180.0<br>Total Individual Contributions: 422469.0
1990,WA,3421631.0,1348208.0,6632184,Total PAC contribution:3421631.0<br>Total Individual Contributions: 1348208.0
1990,WI,2583494.0,1631050.0,6849087,Total PAC contribution:2583494.0<br>Total Individual Contributions: 1631050.0
1990,WV,2539356.0,2268055.0,5437585,Total PAC contribution:2539356.0<br>Total Individual Contributions: 2268055.0
1990,WY,2452489.0,884547.0,4414899,Total PAC contribution:2452489.0<br>Total Individual Contributions: 884547.0
1990,na,0.0,0.0,0,Total PAC contribution:0.0<br>Total Individual Contributions: 0.0
1992,  ,0.0,0.0,0,Total PAC contribution:0.0<br>Total Individual Contributions: 0.0
1992,AK,1933337.0,1773484.0,6121594,Total PAC contribution:1933337.0<br>Total Individual Contributions: 1773484.0
1992,AL,3735583.0,3757386.0,11546586,Total PAC contribution:3735583.0<br>Total Individual Contributions: 3757386.0
1992,AR,2920812.0,3126582.0,10418036,Total PAC contribution:2920812.0<br>Total Individual Contributions: 3126582.0
1992,AS,13150.0,25137.0,128023,Total PAC contribution:13150.0<br>Total Individual Contributions: 25137.0
1992,AZ,3869102.0,3524206.0,11169322,Total PAC contribution:3869102.0<br>Total Individual Contributions: 3524206.0
1992,CA,38438664.0,62346505.0,163631767,Total PAC contribution:38438664.0<br>Total Individual Contributions: 62346505.0
1992,CO,5971796.0,5122980.0,15996747,Total PAC contribution:5971796.0<br>Total Individual Contributions: 5122980.0
1992,CT,4560440.0,5121732.0,14123678,Total PAC contribution:4560440.0<br>Total Individual Contributions: 5121732.0
1992,DC,88412.0,60964.0,256128,Total PAC contribution:88412.0<br>Total Individual Contributions: 60964.0
1992,DE,482168.0,1364853.0,3489061,Total PAC contribution:482168.0<br>Total Individual Contributions: 1364853.0
1992,FL,8643719.0,9896719.0,31725418,Total PAC contribution:8643719.0<br>Total Individual Contributions: 9896719.0
1992,GA,8925304.0,8783408.0,26933886,Total PAC contribution:8925304.0<br>Total Individual Contributions: 8783408.0
1992,GU,8575.0,120139.0,358303,Total PAC contribution:8575.0<br>Total Individual Contributions: 120139.0
1992,HI,1481927.0,2578471.0,4756342,Total PAC contribution:1481927.0<br>Total Individual Contributions: 2578471.0
1992,IA,4818417.0,4577983.0,12884294,Total PAC contribution:4818417.0<br>Total Individual Contributions: 4577983.0
1992,ID,3475843.0,1590637.0,7826792,Total PAC contribution:3475843.0<br>Total Individual Contributions: 1590637.0
1992,IL,10682402.0,9473850.0,37191866,Total PAC contribution:10682402.0<br>Total Individual Contributions: 9473850.0
1992,IN,5727034.0,4166044.0,16145215,Total PAC contribution:5727034.0<br>Total Individual Contributions: 4166044.0
1992,KS,4626910.0,2796499.0,10919433,Total PAC contribution:4626910.0<br>Total Individual Contributions: 2796499.0
1992,KY,3083984.0,2497464.0,9264830,Total PAC contribution:3083984.0<br>Total Individual Contributions: 2497464.0
1992,LA,3789070.0,3007566.0,9929590,Total PAC contribution:3789070.0<br>Total Individual Contributions: 3007566.0
1992,MA,3479340.0,8481844.0,23929344,Total PAC contribution:3479340.0<br>Total Individual Contributions: 8481844.0
1992,MD,4713782.0,3586262.0,15174973,Total PAC contribution:4713782.0<br>Total Individual Contributions: 3586262.0
1992,ME,1053783.0,860333.0,3451434,Total PAC contribution:1053783.0<br>Total Individual Contributions: 860333.0
1992,MI,7415026.0,4224642.0,17740516,Total PAC contribution:7415026.0<br>Total Individual Contributions: 4224642.0
1992,MN,3183555.0,1732793.0,8520096,Total PAC contribution:3183555.0<br>Total Individual Contributions: 1732793.0
1992,MO,8580406.0,7545862.0,24001293,Total PAC contribution:8580406.0<br>Total Individual Contributions: 7545862.0
1992,MS,1158623.0,865412.0,2684234,Total PAC contribution:1158623.0<br>Total Individual Contributions: 865412.0
1992,MT,1375875.0,838706.0,3631586,Total PAC contribution:1375875.0<br>Total Individual Contributions: 838706.0
1992,NC,6536141.0,4283394.0,21376807,Total PAC contribution:6536141.0<br>Total Individual Contributions: 4283394.0
1992,ND,4000415.0,1276214.0,6954984,Total PAC contribution:4000415.0<br>Total Individual Contributions: 1276214.0
1992,NE,2106076.0,6636149.0,9753030,Total PAC contribution:2106076.0<br>Total Individual Contributions: 6636149.0
1992,NH,1713326.0,2044656.0,5115042,Total PAC contribution:1713326.0<br>Total Individual Contributions: 2044656.0
1992,NJ,5107530.0,6636142.0,18766031,Total PAC contribution:5107530.0<br>Total Individual Contributions: 6636142.0
1992,NM,484089.0,692716.0,1907343,Total PAC contribution:484089.0<br>Total Individual Contributions: 692716.0
1992,NV,1992622.0,3383503.0,7840882,Total PAC contribution:1992622.0<br>Total Individual Contributions: 3383503.0
1992,NY,15017973.0,21937739.0,57841361,Total PAC contribution:15017973.0<br>Total Individual Contributions: 21937739.0
1992,OH,10609500.0,10571255.0,30815240,Total PAC contribution:10609500.0<br>Total Individual Contributions: 10571255.0
1992,OK,3964104.0,5025860.0,14172333,Total PAC contribution:3964104.0<br>Total Individual Contributions: 5025860.0
1992,OR,6493629.0,5071241.0,16501200,Total PAC contribution:6493629.0<br>Total Individual Contributions: 5071241.0
1992,PA,15361331.0,16878177.0,51211927,Total PAC contribution:15361331.0<br>Total Individual Contributions: 16878177.0
1992,PR,22392.0,572359.0,882792,Total PAC contribution:22392.0<br>Total Individual Contributions: 572359.0
1992,RI,888667.0,431069.0,2228726,Total PAC contribution:888667.0<br>Total Individual Contributions: 431069.0
1992,SC,3915730.0,3266376.0,11395736,Total PAC contribution:3915730.0<br>Total Individual Contributions: 3266376.0
1992,SD,1936243.0,1098689.0,3664750,Total PAC contribution:1936243.0<br>Total Individual Contributions: 1098689.0
1992,TN,2443957.0,1360698.0,5702908,Total PAC contribution:2443957.0<br>Total Individual Contributions: 1360698.0
1992,TX,11550375.0,14684632.0,39865242,Total PAC contribution:11550375.0<br>Total Individual Contributions: 14684632.0
1992,UT,3278065.0,8764077.0,16289781,Total PAC contribution:3278065.0<br>Total Individual Contributions: 8764077.0
1992,VA,4971669.0,5897622.0,16184061,Total PAC contribution:4971669.0<br>Total Individual Contributions: 5897622.0
1992,VI,22450.0,26724.0,72044,Total PAC contribution:22450.0<br>Total Individual Contributions: 26724.0
1992,VT,720005.0,650514.0,2194423,Total PAC contribution:720005.0<br>Total Individual Contributions: 650514.0
1992,WA,9609684.0,5666802.0,23631247,Total PAC contribution:9609684.0<br>Total Individual Contributions: 5666802.0
1992,WI,7144006.0,7430268.0,25068583,Total PAC contribution:7144006.0<br>Total Individual Contributions: 7430268.0
1992,WV,1048069.0,667315.0,2403298,Total PAC contribution:1048069.0<br>Total Individual Contributions: 667315.0
1992,WY,357899.0,282861.0,908616,Total PAC contribution:357899.0<br>Total Individual Contributions: 282861.0
1992,na,0.0,0.0,0,Total PAC contribution:0.0<br>Total Individual Contributions: 0.0
1994,  ,0.0,0.0,0,Total PAC contribution:0.0<br>Total Individual Contributions: 0.0
1994,AK,876247.0,981952.0,3111204,Total PAC contribution:876247.0<br>Total Individual Contributions: 981952.0
1994,AL,1725642.0,1134762.0,3977087,Total PAC contribution:1725642.0<br>Total Individual Contributions: 1134762.0
1994,AR,1080359.0,1387307.0,4641298,Total PAC contribution:1080359.0<br>Total Individual Contributions: 1387307.0
1994,AS,13252.0,36479.0,116008,Total PAC contribution:13252.0<br>Total Individual Contributions: 36479.0
1994,AZ,6787371.0,8484314.0,22558691,Total PAC contribution:6787371.0<br>Total Individual Contributions: 8484314.0
1994,CA,23159566.0,58492300.0,110345979,Total PAC contribution:23159566.0<br>Total Individual Contributions: 58492300.0
1994,CO,1879280.0,1149643.0,4326896,Total PAC contribution:1879280.0<br>Total Individual Contributions: 1149643.0
1994,CT,4016434.0,4662992.0,13653949,Total PAC contribution:4016434.0<br>Total Individual Contributions: 4662992.0
1994,DC,65425.0,28500.0,137416,Total PAC contribution:65425.0<br>Total Individual Contributions: 28500.0
1994,DE,1876923.0,2528793.0,6738818,Total PAC contribution:1876923.0<br>Total Individual Contributions: 2528793.0
1994,FL,9633885.0,10218186.0,33387325,Total PAC contribution:9633885.0<br>Total Individual Contributions: 10218186.0
1994,GA,5692036.0,6284739.0,19530015,Total PAC contribution:5692036.0<br>Total Individual Contributions: 6284739.0
1994,GU,4350.0,16700.0,75734,Total PAC contribution:4350.0<br>Total Individual Contributions: 16700.0
1994,HI,872650.0,800001.0,1901957,Total PAC contribution:872650.0<br>Total Individual Contributions: 800001.0
1994,IA,3483199.0,2637093.0,10695052,Total PAC contribution:3483199.0<br>Total Individual Contributions: 2637093.0
1994,ID,1550203.0,679824.0,2927445,Total PAC contribution:1550203.0<br>Total Individual Contributions: 679824.0
1994,IL,7183952.0,6798308.0,24183126,Total PAC contribution:7183952.0<br>Total Individual Contributions: 6798308.0
1994,IN,5845617.0,5372658.0,18435256,Total PAC contribution:5845617.0<br>Total Individual Contributions: 5372658.0
1994,KS,1610746.0,1146637.0,4508084,Total PAC contribution:1610746.0<br>Total Individual Contributions: 1146637.0
1994,KY,2692233.0,3367568.0,9692287,Total PAC contribution:2692233.0<br>Total Individual Contributions: 3367568.0
1994,LA,2425727.0,1721667.0,6159454,Total PAC contribution:2425727.0<br>Total Individual Contributions: 1721667.0
1994,MA,3660372.0,15993589.0,32551109,Total PAC contribution:3660372.0<br>Total Individual Contributions: 15993589.0
1994,MD,4727065.0,5460499.0,17503340,Total PAC contribution:4727065.0<br>Total Individual Contributions: 5460499.0
1994,ME,3875580.0,7563620.0,17762506,Total PAC contribution:3875580.0<br>Total Individual Contributions: 7563620.0
1994,MI,13716583.0,13203877.0,40373358,Total PAC contribution:13716583.0<br>Total Individual Contributions: 13203877.0
1994,MN,7938479.0,6592450.0,27021823,Total PAC contribution:7938479.0<br>Total Individual Contributions: 6592450.0
1994,MO,9805793.0,12443724.0,33395501,Total PAC contribution:9805793.0<br>Total Individual Contributions: 12443724.0
1994,MS,3965156.0,3872506.0,11141820,Total PAC contribution:3965156.0<br>Total Individual Contributions: 3872506.0
1994,MT,3020794.0,1890440.0,6268753,Total PAC contribution:3020794.0<br>Total Individual Contributions: 1890440.0
1994,NC,5927929.0,5289252.0,18523656,Total PAC contribution:5927929.0<br>Total Individual Contributions: 5289252.0
1994,ND,2296927.0,1055237.0,4544692,Total PAC contribution:2296927.0<br>Total Individual Contributions: 1055237.0
1994,NE,4924475.0,6725900.0,14822002,Total PAC contribution:4924475.0<br>Total Individual Contributions: 6725900.0
1994,NH,1188660.0,1456862.0,3972234,Total PAC contribution:1188660.0<br>Total Individual Contributions: 1456862.0
1994,NJ,6981212.0,14963043.0,34040934,Total PAC contribution:6981212.0<br>Total Individual Contributions: 14963043.0
1994,NM,2096772.0,2463349.0,6183311,Total PAC contribution:2096772.0<br>Total Individual Contributions: 2463349.0
1994,NV,2657325.0,3730346.0,9938230,Total PAC contribution:2657325.0<br>Total Individual Contributions: 3730346.0
1994,NY,12050540.0,13685913.0,41340697,Total PAC contribution:12050540.0<br>Total Individual Contributions: 13685913.0
1994,OH,12121249.0,17570801.0,46359952,Total PAC contribution:12121249.0<br>Total Individual Contributions: 17570801.0
1994,OK,6635276.0,7441687.0,23174501,Total PAC contribution:6635276.0<br>Total Individual Contributions: 7441687.0
1994,OR,2451461.0,2035969.0,7058224,Total PAC contribution:2451461.0<br>Total Individual Contributions: 2035969.0
1994,PA,14744600.0,16848166.0,45637223,Total PAC contribution:14744600.0<br>Total Individual Contributions: 16848166.0
1994,PR,-300.0,145900.0,269189,Total PAC contribution:-300.0<br>Total Individual Contributions: 145900.0
1994,RI,2216527.0,2414757.0,7145358,Total PAC contribution:2216527.0<br>Total Individual Contributions: 2414757.0
1994,SC,1851520.0,2288427.0,7476773,Total PAC contribution:1851520.0<br>Total Individual Contributions: 2288427.0
1994,SD,490096.0,515011.0,1495236,Total PAC contribution:490096.0<br>Total Individual Contributions: 515011.0
1994,TN,8909514.0,18046179.0,42589735,Total PAC contribution:8909514.0<br>Total Individual Contributions: 18046179.0
1994,TX,25010863.0,31324062.0,92000109,Total PAC contribution:25010863.0<br>Total Individual Contributions: 31324062.0
1994,UT,2978850.0,6439124.0,12950148,Total PAC contribution:2978850.0<br>Total Individual Contributions: 6439124.0
1994,VA,7752457.0,11121006.0,50135768,Total PAC contribution:7752457.0<br>Total Individual Contributions: 11121006.0
1994,VI,29816.0,137365.0,350836,Total PAC contribution:29816.0<br>Total Individual Contributions: 137365.0
1994,VT,1341099.0,833611.0,3099366,Total PAC contribution:1341099.0<br>Total Individual Contributions: 833611.0
1994,WA,8303468.0,7872555.0,25310686,Total PAC contribution:8303468.0<br>Total Individual Contributions: 7872555.0
1994,WI,4355655.0,10051973.0,18954676,Total PAC contribution:4355655.0<br>Total Individual Contributions: 10051973.0
1994,WV,1228276.0,881148.0,2841873,Total PAC contribution:1228276.0<br>Total Individual Contributions: 881148.0
1994,WY,2993114.0,1675185.0,8287546,Total PAC contribution:2993114.0<br>Total Individual Contributions: 1675185.0
1994,na,0.0,0.0,0,Total PAC contribution:0.0<br>Total Individual Contributions: 0.0
1996,  ,0.0,0.0,0,Total PAC contribution:0.0<br>Total Individual Contributions: 0.0
1996,AK,2034361.0,1938300.0,6532011,Total PAC contribution:2034361.0<br>Total Individual Contributions: 1938300.0
1996,AL,6453384.0,12701039.0,32428468,Total PAC contribution:6453384.0<br>Total Individual Contributions: 12701039.0
1996,AR,5096107.0,6836773.0,19298426,Total PAC contribution:5096107.0<br>Total Individual Contributions: 6836773.0
1996,AS,28000.0,28765.0,89800,Total PAC contribution:28000.0<br>Total Individual Contributions: 28765.0
1996,AZ,2228934.0,2101077.0,7113041,Total PAC contribution:2228934.0<br>Total Individual Contributions: 2101077.0
1996,CA,21613672.0,25168043.0,78117628,Total PAC contribution:21613672.0<br>Total Individual Contributions: 25168043.0
1996,CO,7010214.0,7346483.0,21344855,Total PAC contribution:7010214.0<br>Total Individual Contributions: 7346483.0
1996,CT,3090571.0,3606609.0,9927933,Total PAC contribution:3090571.0<br>Total Individual Contributions: 3606609.0
1996,DC,58600.0,46486.0,202679,Total PAC contribution:58600.0<br>Total Individual Contributions: 46486.0
1996,DE,489603.0,2265946.0,3647084,Total PAC contribution:489603.0<br>Total Individual Contributions: 2265946.0
1996,FL,7771514.0,9559593.0,29807871,Total PAC contribution:7771514.0<br>Total Individual Contributions: 9559593.0
1996,GA,11740658.0,16459102.0,53546271,Total PAC contribution:11740658.0<br>Total Individual Contributions: 16459102.0
1996,GU,90.0,24759.0,75998,Total PAC contribution:90.0<br>Total Individual Contributions: 24759.0
1996,HI,805962.0,529901.0,2106721,Total PAC contribution:805962.0<br>Total Individual Contributions: 529901.0
1996,IA,8516656.0,8621100.0,31926353,Total PAC contribution:8516656.0<br>Total Individual Contributions: 8621100.0
1996,ID,2726495.0,2527461.0,8646323,Total PAC contribution:2726495.0<br>Total Individual Contributions: 2527461.0
1996,IL,15829512.0,16647835.0,56566441,Total PAC contribution:15829512.0<br>Total Individual Contributions: 16647835.0
1996,IN,4705332.0,12839031.0,25624392,Total PAC contribution:4705332.0<br>Total Individual Contributions: 12839031.0
1996,KS,9458510.0,7285667.0,26252237,Total PAC contribution:9458510.0<br>Total Individual Contributions: 7285667.0
1996,KY,5730743.0,6089753.0,18658765,Total PAC contribution:5730743.0<br>Total Individual Contributions: 6089753.0
1996,LA,6338683.0,8416823.0,23376762,Total PAC contribution:6338683.0<br>Total Individual Contributions: 8416823.0
1996,MA,5850668.0,20772073.0,44450021,Total PAC contribution:5850668.0<br>Total Individual Contributions: 20772073.0
1996,MD,2980895.0,3050219.0,10774718,Total PAC contribution:2980895.0<br>Total Individual Contributions: 3050219.0
1996,ME,3480399.0,3596174.0,11633290,Total PAC contribution:3480399.0<br>Total Individual Contributions: 3596174.0
1996,MI,9936819.0,14247042.0,43166537,Total PAC contribution:9936819.0<br>Total Individual Contributions: 14247042.0
1996,MN,6290651.0,6410088.0,21162169,Total PAC contribution:6290651.0<br>Total Individual Contributions: 6410088.0
1996,MO,6501062.0,7219446.0,20822451,Total PAC contribution:6501062.0<br>Total Individual Contributions: 7219446.0
1996,MS,2558612.0,2579906.0,7975881,Total PAC contribution:2558612.0<br>Total Individual Contributions: 2579906.0
1996,MT,3168298.0,2844837.0,8482866,Total PAC contribution:3168298.0<br>Total Individual Contributions: 2844837.0
1996,NC,8958763.0,12349555.0,44106596,Total PAC contribution:8958763.0<br>Total Individual Contributions: 12349555.0
1996,ND,915471.0,538660.0,1872425,Total PAC contribution:915471.0<br>Total Individual Contributions: 538660.0
1996,NE,3473573.0,3872180.0,8910995,Total PAC contribution:3473573.0<br>Total Individual Contributions: 3872180.0
1996,NH,3808801.0,4871034.0,13901080,Total PAC contribution:3808801.0<br>Total Individual Contributions: 4871034.0
1996,NJ,14973590.0,29744453.0,77841904,Total PAC contribution:14973590.0<br>Total Individual Contributions: 29744453.0
1996,NM,2202304.0,2262176.0,7824823,Total PAC contribution:2202304.0<br>Total Individual Contributions: 2262176.0
1996,NV,2004099.0,3189514.0,8941149,Total PAC contribution:2004099.0<br>Total Individual Contributions: 3189514.0
1996,NY,13964682.0,20836764.0,58154760,Total PAC contribution:13964682.0<br>Total Individual Contributions: 20836764.0
1996,OH,9223052.0,9546252.0,28983626,Total PAC contribution:9223052.0<br>Total Individual Contributions: 9546252.0
1996,OK,4883512.0,4483924.0,15274078,Total PAC contribution:4883512.0<br>Total Individual Contributions: 4483924.0
1996,OR,12457147.0,12506268.0,37528548,Total PAC contribution:12457147.0<br>Total Individual Contributions: 12506268.0
1996,PA,9238527.0,14973575.0,37896042,Total PAC contribution:9238527.0<br>Total Individual Contributions: 14973575.0
1996,PR,66979.0,1054021.0,2737805,Total PAC contribution:66979.0<br>Total Individual Contributions: 1054021.0
1996,RI,3807949.0,4129364.0,12921097,Total PAC contribution:3807949.0<br>Total Individual Contributions: 4129364.0
1996,SC,3025051.0,4966802.0,11465970,Total PAC contribution:3025051.0<br>Total Individual Contributions: 4966802.0
1996,SD,4708172.0,6420741.0,17807700,Total PAC contribution:4708172.0<br>Total Individual Contributions: 6420741.0
1996,TN,4901813.0,10544910.0,23062393,Total PAC contribution:4901813.0<br>Total Individual Contributions: 10544910.0
1996,TX,25368320.0,47354191.0,99411189,Total PAC contribution:25368320.0<br>Total Individual Contributions: 47354191.0
1996,UT,1504790.0,8878989.0,11735994,Total PAC contribution:1504790.0<br>Total Individual Contributions: 8878989.0
1996,VA,6314293.0,17001832.0,32615919,Total PAC contribution:6314293.0<br>Total Individual Contributions: 17001832.0
1996,VI,9100.0,151454.0,332584,Total PAC contribution:9100.0<br>Total Individual Contributions: 151454.0
1996,VT,595130.0,484121.0,2418581,Total PAC contribution:595130.0<br>Total Individual Contributions: 484121.0
1996,WA,6333196.0,4921968.0,17522561,Total PAC contribution:6333196.0<br>Total Individual Contributions: 4921968.0
1996,WI,4618784.0,3380040.0,12476428,Total PAC contribution:4618784.0<br>Total Individual Contributions: 3380040.0
1996,WV,1682419.0,1981230.0,4005639,Total PAC contribution:1682419.0<br>Total Individual Contributions: 1981230.0
1996,WY,2534186.0,1591899.0,6056876,Total PAC contribution:2534186.0<br>Total Individual Contributions: 1591899.0
1998,AK,1721228.0,1359775.0,4917867,Total PAC contribution:1721228.0<br>Total Individual Contributions: 1359775.0
1998,AL,5092790.0,5605587.0,16726627,Total PAC contribution:5092790.0<br>Total Individual Contributions: 5605587.0
1998,AR,5213700.0,6614272.0,20077966,Total PAC contribution:5213700.0<br>Total Individual Contributions: 6614272.0
1998,AS,4811.0,7000.0,29172,Total PAC contribution:4811.0<br>Total Individual Contributions: 7000.0
1998,AZ,4920093.0,7474517.0,15982749,Total PAC contribution:4920093.0<br>Total Individual Contributions: 7474517.0
1998,CA,30812752.0,49990756.0,138777461,Total PAC contribution:30812752.0<br>Total Individual Contributions: 49990756.0
1998,CO,4752863.0,5585878.0,16194300,Total PAC contribution:4752863.0<br>Total Individual Contributions: 5585878.0
1998,CT,6047041.0,8394135.0,22540873,Total PAC contribution:6047041.0<br>Total Individual Contributions: 8394135.0
1998,DC,69050.0,43830.0,181999,Total PAC contribution:69050.0<br>Total Individual Contributions: 43830.0
1998,DE,414461.0,414876.0,988739,Total PAC contribution:414461.0<br>Total Individual Contributions: 414876.0
1998,FL,7543817.0,9236953.0,28939474,Total PAC contribution:7543817.0<br>Total Individual Contributions: 9236953.0
1998,GA,9341444.0,11136271.0,36471640,Total PAC contribution:9341444.0<br>Total Individual Contributions: 11136271.0
1998,GU,1198.0,54698.0,171219,Total PAC contribution:1198.0<br>Total Individual Contributions: 54698.0
1998,HI,1794317.0,1692934.0,4281053,Total PAC contribution:1794317.0<br>Total Individual Contributions: 1692934.0
1998,IA,5275351.0,3014705.0,13889326,Total PAC contribution:5275351.0<br>Total Individual Contributions: 3014705.0
1998,ID,5198939.0,2981027.0,10977911,Total PAC contribution:5198939.0<br>Total Individual Contributions: 2981027.0
1998,IL,15741471.0,16836512.0,55089457,Total PAC contribution:15741471.0<br>Total Individual Contributions: 16836512.0
1998,IN,7833326.0,8645358.0,26898115,Total PAC contribution:7833326.0<br>Total Individual Contributions: 8645358.0
1998,KS,2953541.0,2501210.0,8462915,Total PAC contribution:2953541.0<br>Total Individual Contributions: 2501210.0
1998,KY,12654658.0,13658348.0,41015229,Total PAC contribution:12654658.0<br>Total Individual Contributions: 13658348.0
1998,LA,5644785.0,5861124.0,17494583,Total PAC contribution:5644785.0<br>Total Individual Contributions: 5861124.0
1998,MA,3568299.0,11379247.0,24985691,Total PAC contribution:3568299.0<br>Total Individual Contributions: 11379247.0
1998,MD,4117923.0,3347458.0,11999499,Total PAC contribution:4117923.0<br>Total Individual Contributions: 3347458.0
1998,ME,738969.0,755640.0,2347336,Total PAC contribution:738969.0<br>Total Individual Contributions: 755640.0
1998,MI,7584058.0,5873874.0,21490580,Total PAC contribution:7584058.0<br>Total Individual Contributions: 5873874.0
1998,MN,3522332.0,2472038.0,10410158,Total PAC contribution:3522332.0<br>Total Individual Contributions: 2472038.0
1998,MO,8954540.0,14936928.0,35606938,Total PAC contribution:8954540.0<br>Total Individual Contributions: 14936928.0
1998,MS,2423402.0,2235616.0,7287331,Total PAC contribution:2423402.0<br>Total Individual Contributions: 2235616.0
1998,MT,1468031.0,1054617.0,3783898,Total PAC contribution:1468031.0<br>Total Individual Contributions: 1054617.0
1998,NC,10100265.0,12118779.0,33487174,Total PAC contribution:10100265.0<br>Total Individual Contributions: 12118779.0
1998,ND,2274142.0,876404.0,4521456,Total PAC contribution:2274142.0<br>Total Individual Contributions: 876404.0
1998,NE,2379782.0,3198427.0,7003213,Total PAC contribution:2379782.0<br>Total Individual Contributions: 3198427.0
1998,NH,1230179.0,959937.0,3176297,Total PAC contribution:1230179.0<br>Total Individual Contributions: 959937.0
1998,NJ,6037896.0,7947909.0,22457458,Total PAC contribution:6037896.0<br>Total Individual Contributions: 7947909.0
1998,NM,4026677.0,3745546.0,12270752,Total PAC contribution:4026677.0<br>Total Individual Contributions: 3745546.0
1998,NV,6142291.0,7486878.0,21516370,Total PAC contribution:6142291.0<br>Total Individual Contributions: 7486878.0
1998,NY,23177377.0,51908048.0,113001184,Total PAC contribution:23177377.0<br>Total Individual Contributions: 51908048.0
1998,OH,11892736.0,12792344.0,36213954,Total PAC contribution:11892736.0<br>Total Individual Contributions: 12792344.0
1998,OK,3283520.0,3952636.0,11251787,Total PAC contribution:3283520.0<br>Total Individual Contributions: 3952636.0
1998,OR,5549728.0,8250087.0,21975722,Total PAC contribution:5549728.0<br>Total Individual Contributions: 8250087.0
1998,PA,13357950.0,19989108.0,54388493,Total PAC contribution:13357950.0<br>Total Individual Contributions: 19989108.0
1998,PR,11913.0,331810.0,689372,Total PAC contribution:11913.0<br>Total Individual Contributions: 331810.0
1998,RI,966701.0,1355404.0,3854658,Total PAC contribution:966701.0<br>Total Individual Contributions: 1355404.0
1998,SC,7254885.0,7652221.0,24263404,Total PAC contribution:7254885.0<br>Total Individual Contributions: 7652221.0
1998,SD,2529225.0,3169853.0,6383895,Total PAC contribution:2529225.0<br>Total Individual Contributions: 3169853.0
1998,TN,3092378.0,6913355.0,15566494,Total PAC contribution:3092378.0<br>Total Individual Contributions: 6913355.0
1998,TX,13654720.0,14081031.0,44793921,Total PAC contribution:13654720.0<br>Total Individual Contributions: 14081031.0
1998,UT,2500299.0,1704750.0,5356068,Total PAC contribution:2500299.0<br>Total Individual Contributions: 1704750.0
1998,VA,3898812.0,3177115.0,10859937,Total PAC contribution:3898812.0<br>Total Individual Contributions: 3177115.0
1998,VI,16033.0,36200.0,64633,Total PAC contribution:16033.0<br>Total Individual Contributions: 36200.0
1998,VT,186666.0,1297845.0,3538001,Total PAC contribution:186666.0<br>Total Individual Contributions: 1297845.0
1998,WA,8159103.0,11037935.0,40794788,Total PAC contribution:8159103.0<br>Total Individual Contributions: 11037935.0
1998,WI,8936783.0,9237251.0,24296565,Total PAC contribution:8936783.0<br>Total Individual Contributions: 9237251.0
1998,WV,679645.0,726788.0,2069076,Total PAC contribution:679645.0<br>Total Individual Contributions: 726788.0
1998,WY,423471.0,299224.0,1100544,Total PAC contribution:423471.0<br>Total Individual Contributions: 299224.0
1998,na,0.0,0.0,0,Total PAC contribution:0.0<br>Total Individual Contributions: 0.0
2000,  ,0.0,0.0,0,Total PAC contribution:0.0<br>Total Individual Contributions: 0.0
2000,AK,916463.0,874960.0,2776735,Total PAC contribution:916463.0<br>Total Individual Contributions: 874960.0
2000,AL,3770711.0,4172696.0,12643529,Total PAC contribution:3770711.0<br>Total Individual Contributions: 4172696.0
2000,AR,2963490.0,4039869.0,11910649,Total PAC contribution:2963490.0<br>Total Individual Contributions: 4039869.0
2000,AS,46261.0,41858.0,136655,Total PAC contribution:46261.0<br>Total Individual Contributions: 41858.0
2000,AZ,8444953.0,37753905.0,50470469,Total PAC contribution:8444953.0<br>Total Individual Contributions: 37753905.0
2000,CA,33952027.0,40303158.0,123284819,Total PAC contribution:33952027.0<br>Total Individual Contributions: 40303158.0
2000,CO,2339396.0,2823203.0,8606801,Total PAC contribution:2339396.0<br>Total Individual Contributions: 2823203.0
2000,CT,7056032.0,10448039.0,29089561,Total PAC contribution:7056032.0<br>Total Individual Contributions: 10448039.0
2000,DC,81874.0,72786.0,275066,Total PAC contribution:81874.0<br>Total Individual Contributions: 72786.0
2000,DE,2932180.0,4882247.0,13153518,Total PAC contribution:2932180.0<br>Total Individual Contributions: 4882247.0
2000,FL,20936339.0,25915026.0,79709829,Total PAC contribution:20936339.0<br>Total Individual Contributions: 25915026.0
2000,GA,8702911.0,18550132.0,39218272,Total PAC contribution:8702911.0<br>Total Individual Contributions: 18550132.0
2000,GU,9400.0,35710.0,174712,Total PAC contribution:9400.0<br>Total Individual Contributions: 35710.0
2000,HI,1090221.0,572542.0,2070923,Total PAC contribution:1090221.0<br>Total Individual Contributions: 572542.0
2000,IA,2387459.0,2615787.0,9437922,Total PAC contribution:2387459.0<br>Total Individual Contributions: 2615787.0
2000,ID,919935.0,803223.0,2499763,Total PAC contribution:919935.0<br>Total Individual Contributions: 803223.0
2000,IL,11885720.0,21752816.0,51779790,Total PAC contribution:11885720.0<br>Total Individual Contributions: 21752816.0
2000,IN,7487128.0,10340793.0,29664927,Total PAC contribution:7487128.0<br>Total Individual Contributions: 10340793.0
2000,KS,2387668.0,2841502.0,8707161,Total PAC contribution:2387668.0<br>Total Individual Contributions: 2841502.0
2000,KY,7482746.0,8124483.0,23996061,Total PAC contribution:7482746.0<br>Total Individual Contributions: 8124483.0
2000,LA,3893321.0,5514309.0,15684053,Total PAC contribution:3893321.0<br>Total Individual Contributions: 5514309.0
2000,MA,3588602.0,14335572.0,23694507,Total PAC contribution:3588602.0<br>Total Individual Contributions: 14335572.0
2000,MD,4499847.0,4493827.0,14324403,Total PAC contribution:4499847.0<br>Total Individual Contributions: 4493827.0
2000,ME,1791738.0,2321212.0,5820274,Total PAC contribution:1791738.0<br>Total Individual Contributions: 2321212.0
2000,MI,17708533.0,23890963.0,72648595,Total PAC contribution:17708533.0<br>Total Individual Contributions: 23890963.0
2000,MN,9341116.0,17290134.0,40517462,Total PAC contribution:9341116.0<br>Total Individual Contributions: 17290134.0
2000,MO,11774801.0,18669842.0,49819772,Total PAC contribution:11774801.0<br>Total Individual Contributions: 18669842.0
2000,MS,3249858.0,2883776.0,7808718,Total PAC contribution:3249858.0<br>Total Individual Contributions: 2883776.0
2000,MT,5452125.0,4383326.0,13878622,Total PAC contribution:5452125.0<br>Total Individual Contributions: 4383326.0
2000,NC,6045406.0,6443637.0,20215628,Total PAC contribution:6045406.0<br>Total Individual Contributions: 6443637.0
2000,ND,2675220.0,1146747.0,5095397,Total PAC contribution:2675220.0<br>Total Individual Contributions: 1146747.0
2000,NE,4612543.0,5829796.0,12867725,Total PAC contribution:4612543.0<br>Total Individual Contributions: 5829796.0
2000,NH,2061214.0,9419105.0,13236408,Total PAC contribution:2061214.0<br>Total Individual Contributions: 9419105.0
2000,NJ,16056305.0,37339375.0,92693770,Total PAC contribution:16056305.0<br>Total Individual Contributions: 37339375.0
2000,NM,3593250.0,10951631.0,20435471,Total PAC contribution:3593250.0<br>Total Individual Contributions: 10951631.0
2000,NV,7113142.0,8445857.0,24626435,Total PAC contribution:7113142.0<br>Total Individual Contributions: 8445857.0
2000,NY,30702386.0,119843877.0,275269985,Total PAC contribution:30702386.0<br>Total Individual Contributions: 119843877.0
2000,OH,9719930.0,10234923.0,28765231,Total PAC contribution:9719930.0<br>Total Individual Contributions: 10234923.0
2000,OK,3259473.0,4039541.0,12543349,Total PAC contribution:3259473.0<br>Total Individual Contributions: 4039541.0
2000,OR,2042401.0,3231604.0,6783783,Total PAC contribution:2042401.0<br>Total Individual Contributions: 3231604.0
2000,PA,16496945.0,21624051.0,59416324,Total PAC contribution:16496945.0<br>Total Individual Contributions: 21624051.0
2000,PR,41571.0,1884951.0,4633656,Total PAC contribution:41571.0<br>Total Individual Contributions: 1884951.0
2000,RI,4550472.0,6572663.0,17256703,Total PAC contribution:4550472.0<br>Total Individual Contributions: 6572663.0
2000,SC,2504497.0,3570849.0,10524729,Total PAC contribution:2504497.0<br>Total Individual Contributions: 3570849.0
2000,SD,870402.0,1216618.0,2651173,Total PAC contribution:870402.0<br>Total Individual Contributions: 1216618.0
2000,TN,3917216.0,6376934.0,16549160,Total PAC contribution:3917216.0<br>Total Individual Contributions: 6376934.0
2000,TX,16367293.0,20824937.0,57061109,Total PAC contribution:16367293.0<br>Total Individual Contributions: 20824937.0
2000,UT,5525134.0,7319942.0,18237056,Total PAC contribution:5525134.0<br>Total Individual Contributions: 7319942.0
2000,VA,10260433.0,15653966.0,45065140,Total PAC contribution:10260433.0<br>Total Individual Contributions: 15653966.0
2000,VI,12821.0,25430.0,162550,Total PAC contribution:12821.0<br>Total Individual Contributions: 25430.0
2000,VT,1681518.0,1618853.0,5854522,Total PAC contribution:1681518.0<br>Total Individual Contributions: 1618853.0
2000,WA,11319084.0,25001087.0,52219839,Total PAC contribution:11319084.0<br>Total Individual Contributions: 25001087.0
2000,WI,4104465.0,8151280.0,17922562,Total PAC contribution:4104465.0<br>Total Individual Contributions: 8151280.0
2000,WV,2139585.0,2759621.0,7512944,Total PAC contribution:2139585.0<br>Total Individual Contributions: 2759621.0
2000,WY,1100227.0,465849.0,2205167,Total PAC contribution:1100227.0<br>Total Individual Contributions: 465849.0
2000,na,0.0,0.0,0,Total PAC contribution:0.0<br>Total Individual Contributions: 0.0
2002,AK,2161511.0,2577687.0,4788788,Total PAC contribution:2161511.0<br>Total Individual Contributions: 2577687.0
2002,AL,6970499.0,11400467.0,24477541,Total PAC contribution:6970499.0<br>Total Individual Contributions: 11400467.0
2002,AR,7687226.0,9642427.0,25552488,Total PAC contribution:7687226.0<br>Total Individual Contributions: 9642427.0
2002,AS,62692.0,59740.0,143186,Total PAC contribution:62692.0<br>Total Individual Contributions: 59740.0
2002,AZ,4029487.0,5794664.0,11107933,Total PAC contribution:4029487.0<br>Total Individual Contributions: 5794664.0
2002,CA,21983059.0,24491207.0,53048059,Total PAC contribution:21983059.0<br>Total Individual Contributions: 24491207.0
2002,CO,8871103.0,10436810.0,27237915,Total PAC contribution:8871103.0<br>Total Individual Contributions: 10436810.0
2002,CT,6030969.0,6292334.0,14881317,Total PAC contribution:6030969.0<br>Total Individual Contributions: 6292334.0
2002,DC,66172.0,61936.0,147727,Total PAC contribution:66172.0<br>Total Individual Contributions: 61936.0
2002,DE,640589.0,3296676.0,9023355,Total PAC contribution:640589.0<br>Total Individual Contributions: 3296676.0
2002,FL,13090426.0,18619492.0,35900180,Total PAC contribution:13090426.0<br>Total Individual Contributions: 18619492.0
2002,GA,16988335.0,29007954.0,64381746,Total PAC contribution:16988335.0<br>Total Individual Contributions: 29007954.0
2002,GU,16000.0,235221.0,370175,Total PAC contribution:16000.0<br>Total Individual Contributions: 235221.0
2002,HI,902463.0,926009.0,1993717,Total PAC contribution:902463.0<br>Total Individual Contributions: 926009.0
2002,IA,13685951.0,13046896.0,41703838,Total PAC contribution:13685951.0<br>Total Individual Contributions: 13046896.0
2002,ID,2575791.0,2402819.0,7810598,Total PAC contribution:2575791.0<br>Total Individual Contributions: 2402819.0
2002,IL,11202170.0,22227877.0,41512605,Total PAC contribution:11202170.0<br>Total Individual Contributions: 22227877.0
2002,IN,7206881.0,9485328.0,21118397,Total PAC contribution:7206881.0<br>Total Individual Contributions: 9485328.0
2002,KS,3653956.0,3369640.0,8339711,Total PAC contribution:3653956.0<br>Total Individual Contributions: 3369640.0
2002,KY,6835982.0,10413745.0,23960784,Total PAC contribution:6835982.0<br>Total Individual Contributions: 10413745.0
2002,LA,11799843.0,13481336.0,36015405,Total PAC contribution:11799843.0<br>Total Individual Contributions: 13481336.0
2002,MA,7964606.0,18731399.0,27942259,Total PAC contribution:7964606.0<br>Total Individual Contributions: 18731399.0
2002,MD,5580208.0,9921258.0,16878995,Total PAC contribution:5580208.0<br>Total Individual Contributions: 9921258.0
2002,ME,4137105.0,6755524.0,17586522,Total PAC contribution:4137105.0<br>Total Individual Contributions: 6755524.0
2002,MI,10828772.0,12927755.0,31779674,Total PAC contribution:10828772.0<br>Total Individual Contributions: 12927755.0
2002,MN,14088544.0,14664134.0,43701355,Total PAC contribution:14088544.0<br>Total Individual Contributions: 14664134.0
2002,MO,12551118.0,18325047.0,38320291,Total PAC contribution:12551118.0<br>Total Individual Contributions: 18325047.0
2002,MS,3827898.0,3304264.0,8171854,Total PAC contribution:3827898.0<br>Total Individual Contributions: 3304264.0
2002,MT,3620951.0,4795800.0,12248264,Total PAC contribution:3620951.0<br>Total Individual Contributions: 4795800.0
2002,NC,13665958.0,29224400.0,75290156,Total PAC contribution:13665958.0<br>Total Individual Contributions: 29224400.0
2002,ND,2607096.0,1086462.0,4494848,Total PAC contribution:2607096.0<br>Total Individual Contributions: 1086462.0
2002,NE,1981960.0,1511352.0,4412310,Total PAC contribution:1981960.0<br>Total Individual Contributions: 1511352.0
2002,NH,9844310.0,12600059.0,31687415,Total PAC contribution:9844310.0<br>Total Individual Contributions: 12600059.0
2002,NJ,11951400.0,19892799.0,42410096,Total PAC contribution:11951400.0<br>Total Individual Contributions: 19892799.0
2002,NM,5276673.0,6705438.0,16327999,Total PAC contribution:5276673.0<br>Total Individual Contributions: 6705438.0
2002,NV,3337492.0,5112493.0,10036784,Total PAC contribution:3337492.0<br>Total Individual Contributions: 5112493.0
2002,NY,13759805.0,22738647.0,50288418,Total PAC contribution:13759805.0<br>Total Individual Contributions: 22738647.0
2002,OH,10516655.0,8857427.0,21369309,Total PAC contribution:10516655.0<br>Total Individual Contributions: 8857427.0
2002,OK,6360950.0,8281349.0,18775458,Total PAC contribution:6360950.0<br>Total Individual Contributions: 8281349.0
2002,OR,4854278.0,5509084.0,13396703,Total PAC contribution:4854278.0<br>Total Individual Contributions: 5509084.0
2002,PA,13708612.0,18440284.0,41613324,Total PAC contribution:13708612.0<br>Total Individual Contributions: 18440284.0
2002,PR,123125.0,586530.0,814725,Total PAC contribution:123125.0<br>Total Individual Contributions: 586530.0
2002,RI,2104681.0,4393706.0,9532730,Total PAC contribution:2104681.0<br>Total Individual Contributions: 4393706.0
2002,SC,9089006.0,13807397.0,27653990,Total PAC contribution:9089006.0<br>Total Individual Contributions: 13807397.0
2002,SD,7977730.0,11927414.0,23950750,Total PAC contribution:7977730.0<br>Total Individual Contributions: 11927414.0
2002,TN,11429204.0,18870825.0,37081480,Total PAC contribution:11429204.0<br>Total Individual Contributions: 18870825.0
2002,TX,24165950.0,30946797.0,75065275,Total PAC contribution:24165950.0<br>Total Individual Contributions: 30946797.0
2002,UT,2520788.0,2685144.0,6028425,Total PAC contribution:2520788.0<br>Total Individual Contributions: 2685144.0
2002,VA,7813439.0,6057589.0,15362566,Total PAC contribution:7813439.0<br>Total Individual Contributions: 6057589.0
2002,VI,44112.0,29218.0,78755,Total PAC contribution:44112.0<br>Total Individual Contributions: 29218.0
2002,VT,137422.0,421195.0,2884033,Total PAC contribution:137422.0<br>Total Individual Contributions: 421195.0
2002,WA,4501601.0,7636260.0,17175832,Total PAC contribution:4501601.0<br>Total Individual Contributions: 7636260.0
2002,WI,3558674.0,3553122.0,7690965,Total PAC contribution:3558674.0<br>Total Individual Contributions: 3553122.0
2002,WV,3433392.0,3089979.0,6829120,Total PAC contribution:3433392.0<br>Total Individual Contributions: 3089979.0
2002,WY,1337755.0,386739.0,2107602,Total PAC contribution:1337755.0<br>Total Individual Contributions: 386739.0
2004,AK,7899944.0,9150700.0,24727218,Total PAC contribution:7899944.0<br>Total Individual Contributions: 9150700.0
2004,AL,5515694.0,10045349.0,21366797,Total PAC contribution:5515694.0<br>Total Individual Contributions: 10045349.0
2004,AR,9579286.0,10181981.0,28891204,Total PAC contribution:9579286.0<br>Total Individual Contributions: 10181981.0
2004,AS,28500.0,115385.0,156135,Total PAC contribution:28500.0<br>Total Individual Contributions: 115385.0
2004,AZ,7350617.0,8097300.0,16676288,Total PAC contribution:7350617.0<br>Total Individual Contributions: 8097300.0
2004,CA,30549338.0,46476903.0,101692390,Total PAC contribution:30549338.0<br>Total Individual Contributions: 46476903.0
2004,CO,15085878.0,22061261.0,57485102,Total PAC contribution:15085878.0<br>Total Individual Contributions: 22061261.0
2004,CT,7797527.0,35386170.0,48009554,Total PAC contribution:7797527.0<br>Total Individual Contributions: 35386170.0
2004,DC,114300.0,95350.0,224183,Total PAC contribution:114300.0<br>Total Individual Contributions: 95350.0
2004,DE,842765.0,1993202.0,4781992,Total PAC contribution:842765.0<br>Total Individual Contributions: 1993202.0
2004,FL,26109033.0,57479592.0,102932814,Total PAC contribution:26109033.0<br>Total Individual Contributions: 57479592.0
2004,GA,22095594.0,33437141.0,76754248,Total PAC contribution:22095594.0<br>Total Individual Contributions: 33437141.0
2004,GU,5005.0,66510.0,72004,Total PAC contribution:5005.0<br>Total Individual Contributions: 66510.0
2004,HI,1668833.0,3275744.0,5289544,Total PAC contribution:1668833.0<br>Total Individual Contributions: 3275744.0
2004,IA,6296696.0,5204301.0,13277311,Total PAC contribution:6296696.0<br>Total Individual Contributions: 5204301.0
2004,ID,2241493.0,887448.0,3893764,Total PAC contribution:2241493.0<br>Total Individual Contributions: 887448.0
2004,IL,15098118.0,76240260.0,113085582,Total PAC contribution:15098118.0<br>Total Individual Contributions: 76240260.0
2004,IN,8182938.0,12149954.0,31283957,Total PAC contribution:8182938.0<br>Total Individual Contributions: 12149954.0
2004,KS,5001266.0,5011952.0,12662806,Total PAC contribution:5001266.0<br>Total Individual Contributions: 5011952.0
2004,KY,19280741.0,14646116.0,35698397,Total PAC contribution:19280741.0<br>Total Individual Contributions: 14646116.0
2004,LA,24764863.0,27772398.0,68561465,Total PAC contribution:24764863.0<br>Total Individual Contributions: 27772398.0
2004,MA,3402852.0,9907763.0,16889649,Total PAC contribution:3402852.0<br>Total Individual Contributions: 9907763.0
2004,MD,5108218.0,7621993.0,19092474,Total PAC contribution:5108218.0<br>Total Individual Contributions: 7621993.0
2004,ME,1596555.0,1619084.0,3751820,Total PAC contribution:1596555.0<br>Total Individual Contributions: 1619084.0
2004,MI,7638356.0,9351610.0,20951117,Total PAC contribution:7638356.0<br>Total Individual Contributions: 9351610.0
2004,MN,6547147.0,6235115.0,16853188,Total PAC contribution:6547147.0<br>Total Individual Contributions: 6235115.0
2004,MO,10023221.0,16298596.0,32013957,Total PAC contribution:10023221.0<br>Total Individual Contributions: 16298596.0
2004,MS,2044583.0,1092061.0,3510312,Total PAC contribution:2044583.0<br>Total Individual Contributions: 1092061.0
2004,MT,888679.0,1062052.0,2294891,Total PAC contribution:888679.0<br>Total Individual Contributions: 1062052.0
2004,NC,28085647.0,34757060.0,76357069,Total PAC contribution:28085647.0<br>Total Individual Contributions: 34757060.0
2004,ND,3864372.0,2899189.0,9346529,Total PAC contribution:3864372.0<br>Total Individual Contributions: 2899189.0
2004,NE,3235195.0,2822689.0,6914841,Total PAC contribution:3235195.0<br>Total Individual Contributions: 2822689.0
2004,NH,3005494.0,3098159.0,7231963,Total PAC contribution:3005494.0<br>Total Individual Contributions: 3098159.0
2004,NJ,6698643.0,13719670.0,22452773,Total PAC contribution:6698643.0<br>Total Individual Contributions: 13719670.0
2004,NM,6889248.0,7882268.0,16672945,Total PAC contribution:6889248.0<br>Total Individual Contributions: 7882268.0
2004,NV,5836556.0,9593673.0,21544047,Total PAC contribution:5836556.0<br>Total Individual Contributions: 9593673.0
2004,NY,19579841.0,42442414.0,86570613,Total PAC contribution:19579841.0<br>Total Individual Contributions: 42442414.0
2004,OH,12171167.0,22214842.0,38811915,Total PAC contribution:12171167.0<br>Total Individual Contributions: 22214842.0
2004,OK,14521708.0,19964340.0,46603971,Total PAC contribution:14521708.0<br>Total Individual Contributions: 19964340.0
2004,OR,4941486.0,9690504.0,19295907,Total PAC contribution:4941486.0<br>Total Individual Contributions: 9690504.0
2004,PA,31453885.0,55571022.0,103519870,Total PAC contribution:31453885.0<br>Total Individual Contributions: 55571022.0
2004,PR,244733.0,2658118.0,3217720,Total PAC contribution:244733.0<br>Total Individual Contributions: 2658118.0
2004,RI,925449.0,2590826.0,4124620,Total PAC contribution:925449.0<br>Total Individual Contributions: 2590826.0
2004,SC,15510921.0,26647582.0,54003275,Total PAC contribution:15510921.0<br>Total Individual Contributions: 26647582.0
2004,SD,17609660.0,33518148.0,52525766,Total PAC contribution:17609660.0<br>Total Individual Contributions: 33518148.0
2004,TN,4360184.0,7599681.0,13920426,Total PAC contribution:4360184.0<br>Total Individual Contributions: 7599681.0
2004,TX,29907308.0,39712622.0,78402150,Total PAC contribution:29907308.0<br>Total Individual Contributions: 39712622.0
2004,UT,5518604.0,4945955.0,13765135,Total PAC contribution:5518604.0<br>Total Individual Contributions: 4945955.0
2004,VA,7963344.0,10318560.0,20956466,Total PAC contribution:7963344.0<br>Total Individual Contributions: 10318560.0
2004,VI,48550.0,462725.0,558522,Total PAC contribution:48550.0<br>Total Individual Contributions: 462725.0
2004,VT,217775.0,2701688.0,10156400,Total PAC contribution:217775.0<br>Total Individual Contributions: 2701688.0
2004,WA,17046049.0,25691618.0,66606788,Total PAC contribution:17046049.0<br>Total Individual Contributions: 25691618.0
2004,WI,8499130.0,19278729.0,34794465,Total PAC contribution:8499130.0<br>Total Individual Contributions: 19278729.0
2004,WV,1328873.0,1474138.0,2958291,Total PAC contribution:1328873.0<br>Total Individual Contributions: 1474138.0
2004,WY,961669.0,703332.0,1945712,Total PAC contribution:961669.0<br>Total Individual Contributions: 703332.0
2006,AK,1029646.0,1730767.0,2920136,Total PAC contribution:1029646.0<br>Total Individual Contributions: 1730767.0
2006,AL,4039539.0,3565858.0,7787257,Total PAC contribution:4039539.0<br>Total Individual Contributions: 3565858.0
2006,AR,2929481.0,2046427.0,5416061,Total PAC contribution:2929481.0<br>Total Individual Contributions: 2046427.0
2006,AS,27000.0,24225.0,55200,Total PAC contribution:27000.0<br>Total Individual Contributions: 24225.0
2006,AZ,15095042.0,35080259.0,52678000,Total PAC contribution:15095042.0<br>Total Individual Contributions: 35080259.0
2006,CA,34112876.0,49694605.0,92434342,Total PAC contribution:34112876.0<br>Total Individual Contributions: 49694605.0
2006,CO,8148970.0,12188768.0,24750106,Total PAC contribution:8148970.0<br>Total Individual Contributions: 12188768.0
2006,CT,17134437.0,65994888.0,87507891,Total PAC contribution:17134437.0<br>Total Individual Contributions: 65994888.0
2006,DC,171437.0,187540.0,389869,Total PAC contribution:171437.0<br>Total Individual Contributions: 187540.0
2006,DE,2258535.0,7807153.0,10290459,Total PAC contribution:2258535.0<br>Total Individual Contributions: 7807153.0
2006,FL,22007866.0,53122982.0,84115013,Total PAC contribution:22007866.0<br>Total Individual Contributions: 53122982.0
2006,GA,12157333.0,16061743.0,29923542,Total PAC contribution:12157333.0<br>Total Individual Contributions: 16061743.0
2006,GU,11500.0,156365.0,195460,Total PAC contribution:11500.0<br>Total Individual Contributions: 156365.0
2006,HI,4164437.0,6683720.0,11574061,Total PAC contribution:4164437.0<br>Total Individual Contributions: 6683720.0
2006,IA,6805500.0,8444366.0,17471069,Total PAC contribution:6805500.0<br>Total Individual Contributions: 8444366.0
2006,ID,2055077.0,2084222.0,5237018,Total PAC contribution:2055077.0<br>Total Individual Contributions: 2084222.0
2006,IL,17742737.0,28811212.0,52835561,Total PAC contribution:17742737.0<br>Total Individual Contributions: 28811212.0
2006,IN,11338514.0,19789755.0,32914210,Total PAC contribution:11338514.0<br>Total Individual Contributions: 19789755.0
2006,KS,4662620.0,3277790.0,8738194,Total PAC contribution:4662620.0<br>Total Individual Contributions: 3277790.0
2006,KY,9071000.0,11802857.0,22322118,Total PAC contribution:9071000.0<br>Total Individual Contributions: 11802857.0
2006,LA,8317867.0,12806123.0,22051025,Total PAC contribution:8317867.0<br>Total Individual Contributions: 12806123.0
2006,MA,4853837.0,10360572.0,26209187,Total PAC contribution:4853837.0<br>Total Individual Contributions: 10360572.0
2006,MD,17660475.0,34068655.0,56475430,Total PAC contribution:17660475.0<br>Total Individual Contributions: 34068655.0
2006,ME,2382443.0,2797934.0,5469209,Total PAC contribution:2382443.0<br>Total Individual Contributions: 2797934.0
2006,MI,16980578.0,20247473.0,41671564,Total PAC contribution:16980578.0<br>Total Individual Contributions: 20247473.0
2006,MN,17219678.0,33041183.0,59914953,Total PAC contribution:17219678.0<br>Total Individual Contributions: 33041183.0
2006,MO,17411039.0,22232767.0,40941286,Total PAC contribution:17411039.0<br>Total Individual Contributions: 22232767.0
2006,MS,4067797.0,3045686.0,7374319,Total PAC contribution:4067797.0<br>Total Individual Contributions: 3045686.0
2006,MT,7329884.0,11507440.0,21031288,Total PAC contribution:7329884.0<br>Total Individual Contributions: 11507440.0
2006,NC,10453371.0,11221439.0,25016377,Total PAC contribution:10453371.0<br>Total Individual Contributions: 11221439.0
2006,ND,3430943.0,2519389.0,6300912,Total PAC contribution:3430943.0<br>Total Individual Contributions: 2519389.0
2006,NE,6193811.0,8819844.0,16095027,Total PAC contribution:6193811.0<br>Total Individual Contributions: 8819844.0
2006,NH,3309716.0,2840061.0,6733831,Total PAC contribution:3309716.0<br>Total Individual Contributions: 2840061.0
2006,NJ,30693749.0,48938403.0,82938218,Total PAC contribution:30693749.0<br>Total Individual Contributions: 48938403.0
2006,NM,7438296.0,8886262.0,17699836,Total PAC contribution:7438296.0<br>Total Individual Contributions: 8886262.0
2006,NV,7406197.0,11813770.0,20328389,Total PAC contribution:7406197.0<br>Total Individual Contributions: 11813770.0
2006,NY,28182874.0,82344364.0,132936451,Total PAC contribution:28182874.0<br>Total Individual Contributions: 82344364.0
2006,OH,47627917.0,49010128.0,108314905,Total PAC contribution:47627917.0<br>Total Individual Contributions: 49010128.0
2006,OK,2595521.0,6133413.0,9438005,Total PAC contribution:2595521.0<br>Total Individual Contributions: 6133413.0
2006,OR,4658846.0,4889685.0,10584521,Total PAC contribution:4658846.0<br>Total Individual Contributions: 4889685.0
2006,PA,29269499.0,53765946.0,93274431,Total PAC contribution:29269499.0<br>Total Individual Contributions: 53765946.0
2006,PR,20878.0,390642.0,412190,Total PAC contribution:20878.0<br>Total Individual Contributions: 390642.0
2006,RI,4701654.0,12216595.0,18465710,Total PAC contribution:4701654.0<br>Total Individual Contributions: 12216595.0
2006,SC,4764320.0,7141350.0,12446734,Total PAC contribution:4764320.0<br>Total Individual Contributions: 7141350.0
2006,SD,1706416.0,1850673.0,4137224,Total PAC contribution:1706416.0<br>Total Individual Contributions: 1850673.0
2006,TN,18662033.0,43878038.0,66831774,Total PAC contribution:18662033.0<br>Total Individual Contributions: 43878038.0
2006,TX,24124385.0,36447737.0,65488662,Total PAC contribution:24124385.0<br>Total Individual Contributions: 36447737.0
2006,UT,6298913.0,8021361.0,14757433,Total PAC contribution:6298913.0<br>Total Individual Contributions: 8021361.0
2006,VA,27000717.0,36192269.0,68495681,Total PAC contribution:27000717.0<br>Total Individual Contributions: 36192269.0
2006,VI,91650.0,400176.0,508223,Total PAC contribution:91650.0<br>Total Individual Contributions: 400176.0
2006,VT,3981424.0,13251691.0,24940411,Total PAC contribution:3981424.0<br>Total Individual Contributions: 13251691.0
2006,WA,8770169.0,23922208.0,40339082,Total PAC contribution:8770169.0<br>Total Individual Contributions: 23922208.0
2006,WI,5917778.0,6639303.0,14198368,Total PAC contribution:5917778.0<br>Total Individual Contributions: 6639303.0
2006,WV,4080140.0,6445725.0,13132515,Total PAC contribution:4080140.0<br>Total Individual Contributions: 6445725.0
2006,WY,2940998.0,1609511.0,4873825,Total PAC contribution:2940998.0<br>Total Individual Contributions: 1609511.0
2008,AK,4645418.0,8681075.0,14061249,Total PAC contribution:4645418.0<br>Total Individual Contributions: 8681075.0
2008,AL,9425069.0,13425128.0,23766994,Total PAC contribution:9425069.0<br>Total Individual Contributions: 13425128.0
2008,AR,6365128.0,4272679.0,11038359,Total PAC contribution:6365128.0<br>Total Individual Contributions: 4272679.0
2008,AS,25300.0,190728.0,234538,Total PAC contribution:25300.0<br>Total Individual Contributions: 190728.0
2008,AZ,9827451.0,15274932.0,26688892,Total PAC contribution:9827451.0<br>Total Individual Contributions: 15274932.0
2008,CA,33401187.0,48534463.0,91247042,Total PAC contribution:33401187.0<br>Total Individual Contributions: 48534463.0
2008,CO,17025875.0,40247704.0,65614788,Total PAC contribution:17025875.0<br>Total Individual Contributions: 40247704.0
2008,CT,21124930.0,33985811.0,57822063,Total PAC contribution:21124930.0<br>Total Individual Contributions: 33985811.0
2008,DC,176732.0,235885.0,441143,Total PAC contribution:176732.0<br>Total Individual Contributions: 235885.0
2008,DE,5237328.0,18878811.0,26361297,Total PAC contribution:5237328.0<br>Total Individual Contributions: 18878811.0
2008,FL,23046208.0,34937367.0,61517056,Total PAC contribution:23046208.0<br>Total Individual Contributions: 34937367.0
2008,GA,26414073.0,34632663.0,65625920,Total PAC contribution:26414073.0<br>Total Individual Contributions: 34632663.0
2008,GU,45850.0,185070.0,255970,Total PAC contribution:45850.0<br>Total Individual Contributions: 185070.0
2008,HI,1754746.0,2593513.0,4439145,Total PAC contribution:1754746.0<br>Total Individual Contributions: 2593513.0
2008,IA,6200139.0,7965224.0,15915955,Total PAC contribution:6200139.0<br>Total Individual Contributions: 7965224.0
2008,ID,3764361.0,5060087.0,10412331,Total PAC contribution:3764361.0<br>Total Individual Contributions: 5060087.0
2008,IL,21357133.0,41211553.0,66961381,Total PAC contribution:21357133.0<br>Total Individual Contributions: 41211553.0
2008,IN,9760657.0,9558831.0,20995330,Total PAC contribution:9760657.0<br>Total Individual Contributions: 9558831.0
2008,KS,13126731.0,14022880.0,29539793,Total PAC contribution:13126731.0<br>Total Individual Contributions: 14022880.0
2008,KY,11575997.0,19514436.0,33516116,Total PAC contribution:11575997.0<br>Total Individual Contributions: 19514436.0
2008,LA,14492177.0,25745774.0,41831681,Total PAC contribution:14492177.0<br>Total Individual Contributions: 25745774.0
2008,MA,8967079.0,15978150.0,30037213,Total PAC contribution:8967079.0<br>Total Individual Contributions: 15978150.0
2008,MD,11619145.0,11323017.0,24840621,Total PAC contribution:11619145.0<br>Total Individual Contributions: 11323017.0
2008,ME,5919267.0,20176792.0,29544889,Total PAC contribution:5919267.0<br>Total Individual Contributions: 20176792.0
2008,MI,18277540.0,17435856.0,39460582,Total PAC contribution:18277540.0<br>Total Individual Contributions: 17435856.0
2008,MN,18352241.0,34497574.0,60096169,Total PAC contribution:18352241.0<br>Total Individual Contributions: 34497574.0
2008,MO,10338102.0,10297094.0,21507843,Total PAC contribution:10338102.0<br>Total Individual Contributions: 10297094.0
2008,MP,2500.0,137569.0,170690,Total PAC contribution:2500.0<br>Total Individual Contributions: 137569.0
2008,MS,13360223.0,17338735.0,31674839,Total PAC contribution:13360223.0<br>Total Individual Contributions: 17338735.0
2008,MT,4049159.0,5238155.0,9663322,Total PAC contribution:4049159.0<br>Total Individual Contributions: 5238155.0
2008,NC,17017926.0,25325280.0,48257701,Total PAC contribution:17017926.0<br>Total Individual Contributions: 25325280.0
2008,ND,2450356.0,1569797.0,5424637,Total PAC contribution:2450356.0<br>Total Individual Contributions: 1569797.0
2008,NE,4645631.0,9062352.0,15432757,Total PAC contribution:4645631.0<br>Total Individual Contributions: 9062352.0
2008,NH,9047203.0,15419322.0,25603429,Total PAC contribution:9047203.0<br>Total Individual Contributions: 15419322.0
2008,NJ,18130720.0,35000106.0,55651909,Total PAC contribution:18130720.0<br>Total Individual Contributions: 35000106.0
2008,NM,13866745.0,32759859.0,50551889,Total PAC contribution:13866745.0<br>Total Individual Contributions: 32759859.0
2008,NV,7828528.0,8730556.0,17312035,Total PAC contribution:7828528.0<br>Total Individual Contributions: 8730556.0
2008,NY,96805134.0,325912731.0,428118005,Total PAC contribution:96805134.0<br>Total Individual Contributions: 325912731.0
2008,OH,24426334.0,29284877.0,57039895,Total PAC contribution:24426334.0<br>Total Individual Contributions: 29284877.0
2008,OK,4618670.0,7347787.0,13775960,Total PAC contribution:4618670.0<br>Total Individual Contributions: 7347787.0
2008,OR,9845154.0,15497130.0,28575310,Total PAC contribution:9845154.0<br>Total Individual Contributions: 15497130.0
2008,PA,26570963.0,39428190.0,72676945,Total PAC contribution:26570963.0<br>Total Individual Contributions: 39428190.0
2008,PR,46801.0,2246682.0,2349562,Total PAC contribution:46801.0<br>Total Individual Contributions: 2246682.0
2008,RI,2616238.0,3617235.0,6398192,Total PAC contribution:2616238.0<br>Total Individual Contributions: 3617235.0
2008,SC,6769071.0,9410500.0,17045619,Total PAC contribution:6769071.0<br>Total Individual Contributions: 9410500.0
2008,SD,3399585.0,4911354.0,9890888,Total PAC contribution:3399585.0<br>Total Individual Contributions: 4911354.0
2008,TN,7871440.0,11856050.0,20665957,Total PAC contribution:7871440.0<br>Total Individual Contributions: 11856050.0
2008,TX,25050983.0,71692708.0,103134511,Total PAC contribution:25050983.0<br>Total Individual Contributions: 71692708.0
2008,UT,3256894.0,1887272.0,5259094,Total PAC contribution:3256894.0<br>Total Individual Contributions: 1887272.0
2008,VA,19008293.0,42033394.0,67165744,Total PAC contribution:19008293.0<br>Total Individual Contributions: 42033394.0
2008,VI,121909.0,90970.0,228338,Total PAC contribution:121909.0<br>Total Individual Contributions: 90970.0
2008,VT,727694.0,942696.0,1683212,Total PAC contribution:727694.0<br>Total Individual Contributions: 942696.0
2008,WA,7593460.0,9768272.0,20330418,Total PAC contribution:7593460.0<br>Total Individual Contributions: 9768272.0
2008,WI,6952442.0,5427275.0,13176385,Total PAC contribution:6952442.0<br>Total Individual Contributions: 5427275.0
2008,WV,4948269.0,13220416.0,18592237,Total PAC contribution:4948269.0<br>Total Individual Contributions: 13220416.0
2008,WY,4368259.0,4864099.0,9847423,Total PAC contribution:4368259.0<br>Total Individual Contributions: 4864099.0
2010,AK,7125910.0,5440683.0,13406111,Total PAC contribution:7125910.0<br>Total Individual Contributions: 5440683.0
2010,AL,7433013.0,10572802.0,19485692,Total PAC contribution:7433013.0<br>Total Individual Contributions: 10572802.0
2010,AR,17231614.0,20962807.0,43608133,Total PAC contribution:17231614.0<br>Total Individual Contributions: 20962807.0
2010,AS,10750.0,103465.0,116905,Total PAC contribution:10750.0<br>Total Individual Contributions: 103465.0
2010,AZ,11764312.0,26730465.0,42008770,Total PAC contribution:11764312.0<br>Total Individual Contributions: 26730465.0
2010,CA,52325474.0,84879205.0,155434779,Total PAC contribution:52325474.0<br>Total Individual Contributions: 84879205.0
2010,CO,18099211.0,29587456.0,52478112,Total PAC contribution:18099211.0<br>Total Individual Contributions: 29587456.0
2010,CT,9876203.0,82430231.0,96813197,Total PAC contribution:9876203.0<br>Total Individual Contributions: 82430231.0
2010,DC,229849.0,241349.0,521969,Total PAC contribution:229849.0<br>Total Individual Contributions: 241349.0
2010,DE,5439474.0,11019877.0,22209785,Total PAC contribution:5439474.0<br>Total Individual Contributions: 11019877.0
2010,FL,31815004.0,72885599.0,114837086,Total PAC contribution:31815004.0<br>Total Individual Contributions: 72885599.0
2010,GA,12539598.0,15425923.0,29998542,Total PAC contribution:12539598.0<br>Total Individual Contributions: 15425923.0
2010,GU,44400.0,146571.0,215786,Total PAC contribution:44400.0<br>Total Individual Contributions: 146571.0
2010,HI,5026612.0,8147976.0,14221964,Total PAC contribution:5026612.0<br>Total Individual Contributions: 8147976.0
2010,IA,7932492.0,10030473.0,20134824,Total PAC contribution:7932492.0<br>Total Individual Contributions: 10030473.0
2010,ID,4493207.0,3947490.0,8957711,Total PAC contribution:4493207.0<br>Total Individual Contributions: 3947490.0
2010,IL,36168650.0,59726119.0,103833111,Total PAC contribution:36168650.0<br>Total Individual Contributions: 59726119.0
2010,IN,16029528.0,20818790.0,40945406,Total PAC contribution:16029528.0<br>Total Individual Contributions: 20818790.0
2010,KS,9005508.0,16309141.0,28217205,Total PAC contribution:9005508.0<br>Total Individual Contributions: 16309141.0
2010,KY,9195334.0,20135183.0,31611246,Total PAC contribution:9195334.0<br>Total Individual Contributions: 20135183.0
2010,LA,10878608.0,19385913.0,33671121,Total PAC contribution:10878608.0<br>Total Individual Contributions: 19385913.0
2010,MA,20464490.0,40470250.0,67869262,Total PAC contribution:20464490.0<br>Total Individual Contributions: 40470250.0
2010,MD,9330955.0,10943480.0,22086858,Total PAC contribution:9330955.0<br>Total Individual Contributions: 10943480.0
2010,ME,1854335.0,2519995.0,4907313,Total PAC contribution:1854335.0<br>Total Individual Contributions: 2519995.0
2010,MI,19278236.0,19179160.0,44372844,Total PAC contribution:19278236.0<br>Total Individual Contributions: 19179160.0
2010,MN,7712669.0,16784224.0,34349627,Total PAC contribution:7712669.0<br>Total Individual Contributions: 16784224.0
2010,MO,22586039.0,34843310.0,61860333,Total PAC contribution:22586039.0<br>Total Individual Contributions: 34843310.0
2010,MP,6500.0,113290.0,181520,Total PAC contribution:6500.0<br>Total Individual Contributions: 113290.0
2010,MS,4634306.0,5663762.0,10887700,Total PAC contribution:4634306.0<br>Total Individual Contributions: 5663762.0
2010,MT,1593792.0,2318944.0,4448291,Total PAC contribution:1593792.0<br>Total Individual Contributions: 2318944.0
2010,NC,13609121.0,18584170.0,36260121,Total PAC contribution:13609121.0<br>Total Individual Contributions: 18584170.0
2010,ND,5667651.0,5972329.0,12573127,Total PAC contribution:5667651.0<br>Total Individual Contributions: 5972329.0
2010,NE,3221233.0,2728977.0,6474845,Total PAC contribution:3221233.0<br>Total Individual Contributions: 2728977.0
2010,NH,8219943.0,18477657.0,29522925,Total PAC contribution:8219943.0<br>Total Individual Contributions: 18477657.0
2010,NJ,11807646.0,19533770.0,32777310,Total PAC contribution:11807646.0<br>Total Individual Contributions: 19533770.0
2010,NM,5044222.0,8630275.0,14987165,Total PAC contribution:5044222.0<br>Total Individual Contributions: 8630275.0
2010,NV,13662446.0,31946502.0,65028251,Total PAC contribution:13662446.0<br>Total Individual Contributions: 31946502.0
2010,NY,40437902.0,81829421.0,131737573,Total PAC contribution:40437902.0<br>Total Individual Contributions: 81829421.0
2010,OH,37104455.0,53313057.0,99141110,Total PAC contribution:37104455.0<br>Total Individual Contributions: 53313057.0
2010,OK,4256394.0,6789367.0,11885403,Total PAC contribution:4256394.0<br>Total Individual Contributions: 6789367.0
2010,OR,8351196.0,11796198.0,22651304,Total PAC contribution:8351196.0<br>Total Individual Contributions: 11796198.0
2010,PA,47811062.0,70953130.0,131652638,Total PAC contribution:47811062.0<br>Total Individual Contributions: 70953130.0
2010,PR,8550.0,436722.0,450657,Total PAC contribution:8550.0<br>Total Individual Contributions: 436722.0
2010,RI,1618488.0,4516924.0,7052755,Total PAC contribution:1618488.0<br>Total Individual Contributions: 4516924.0
2010,SC,8309447.0,13124481.0,27611037,Total PAC contribution:8309447.0<br>Total Individual Contributions: 13124481.0
2010,SD,4135527.0,6068507.0,11702874,Total PAC contribution:4135527.0<br>Total Individual Contributions: 6068507.0
2010,TN,8743156.0,14305791.0,24418830,Total PAC contribution:8743156.0<br>Total Individual Contributions: 14305791.0
2010,TX,19263304.0,33979998.0,57089907,Total PAC contribution:19263304.0<br>Total Individual Contributions: 33979998.0
2010,UT,6527365.0,6281127.0,13528040,Total PAC contribution:6527365.0<br>Total Individual Contributions: 6281127.0
2010,VA,14359725.0,24424093.0,43025949,Total PAC contribution:14359725.0<br>Total Individual Contributions: 24424093.0
2010,VI,170645.0,101649.0,284492,Total PAC contribution:170645.0<br>Total Individual Contributions: 101649.0
2010,VT,1645449.0,2914123.0,5014613,Total PAC contribution:1645449.0<br>Total Individual Contributions: 2914123.0
2010,WA,15968897.0,26707044.0,51112132,Total PAC contribution:15968897.0<br>Total Individual Contributions: 26707044.0
2010,WI,13049366.0,23547943.0,40814295,Total PAC contribution:13049366.0<br>Total Individual Contributions: 23547943.0
2010,WV,5794771.0,23122581.0,29530771,Total PAC contribution:5794771.0<br>Total Individual Contributions: 23122581.0
2010,WY,885612.0,561643.0,1562676,Total PAC contribution:885612.0<br>Total Individual Contributions: 561643.0
2012,AK,1243304.0,1683067.0,3086402,Total PAC contribution:1243304.0<br>Total Individual Contributions: 1683067.0
2012,AL,5459109.0,4731388.0,10513549,Total PAC contribution:5459109.0<br>Total Individual Contributions: 4731388.0
2012,AR,3292579.0,5058583.0,9176540,Total PAC contribution:3292579.0<br>Total Individual Contributions: 5058583.0
2012,AS,15750.0,113267.0,132637,Total PAC contribution:15750.0<br>Total Individual Contributions: 113267.0
2012,AZ,24762958.0,37193350.0,69228018,Total PAC contribution:24762958.0<br>Total Individual Contributions: 37193350.0
2012,CA,67293468.0,88625647.0,165511190,Total PAC contribution:67293468.0<br>Total Individual Contributions: 88625647.0
2012,CO,10115597.0,18413897.0,31081940,Total PAC contribution:10115597.0<br>Total Individual Contributions: 18413897.0
2012,CT,16333687.0,73440828.0,95133295,Total PAC contribution:16333687.0<br>Total Individual Contributions: 73440828.0
2012,DC,171300.0,141400.0,327100,Total PAC contribution:171300.0<br>Total Individual Contributions: 141400.0
2012,DE,3501142.0,3122459.0,6840964,Total PAC contribution:3501142.0<br>Total Individual Contributions: 3122459.0
2012,FL,44520230.0,76784007.0,134741782,Total PAC contribution:44520230.0<br>Total Individual Contributions: 76784007.0
2012,GA,12834046.0,18502458.0,41507400,Total PAC contribution:12834046.0<br>Total Individual Contributions: 18502458.0
2012,GU,34405.0,316949.0,430305,Total PAC contribution:34405.0<br>Total Individual Contributions: 316949.0
2012,HI,6546099.0,17244208.0,27273187,Total PAC contribution:6546099.0<br>Total Individual Contributions: 17244208.0
2012,IA,9866325.0,10412041.0,23240513,Total PAC contribution:9866325.0<br>Total Individual Contributions: 10412041.0
2012,ID,1718199.0,1545266.0,3633033,Total PAC contribution:1718199.0<br>Total Individual Contributions: 1545266.0
2012,IL,27421093.0,34588302.0,68969766,Total PAC contribution:27421093.0<br>Total Individual Contributions: 34588302.0
2012,IN,20565495.0,25771240.0,52138135,Total PAC contribution:20565495.0<br>Total Individual Contributions: 25771240.0
2012,KS,3832764.0,4326716.0,8409197,Total PAC contribution:3832764.0<br>Total Individual Contributions: 4326716.0
2012,KY,9566488.0,11368557.0,21781558,Total PAC contribution:9566488.0<br>Total Individual Contributions: 11368557.0
2012,LA,7692122.0,11362686.0,19431209,Total PAC contribution:7692122.0<br>Total Individual Contributions: 11362686.0
2012,MA,14150063.0,56505458.0,91873043,Total PAC contribution:14150063.0<br>Total Individual Contributions: 56505458.0
2012,MD,9732295.0,15610648.0,26822649,Total PAC contribution:9732295.0<br>Total Individual Contributions: 15610648.0
2012,ME,5676685.0,7271789.0,14465031,Total PAC contribution:5676685.0<br>Total Individual Contributions: 7271789.0
2012,MI,25578861.0,28286854.0,61682966,Total PAC contribution:25578861.0<br>Total Individual Contributions: 28286854.0
2012,MN,10495426.0,25642087.0,60405419,Total PAC contribution:10495426.0<br>Total Individual Contributions: 25642087.0
2012,MO,18731297.0,36229912.0,63879004,Total PAC contribution:18731297.0<br>Total Individual Contributions: 36229912.0
2012,MP,36150.0,59600.0,125002,Total PAC contribution:36150.0<br>Total Individual Contributions: 59600.0
2012,MS,4046733.0,4033852.0,8383814,Total PAC contribution:4046733.0<br>Total Individual Contributions: 4033852.0
2012,MT,11682363.0,22770692.0,39234174,Total PAC contribution:11682363.0<br>Total Individual Contributions: 22770692.0
2012,NC,12066519.0,15320422.0,29952118,Total PAC contribution:12066519.0<br>Total Individual Contributions: 15320422.0
2012,ND,11410459.0,14377120.0,29112123,Total PAC contribution:11410459.0<br>Total Individual Contributions: 14377120.0
2012,NE,9619131.0,13494219.0,26031977,Total PAC contribution:9619131.0<br>Total Individual Contributions: 13494219.0
2012,NH,4791283.0,12105928.0,18465710,Total PAC contribution:4791283.0<br>Total Individual Contributions: 12105928.0
2012,NJ,18878760.0,37374313.0,59468871,Total PAC contribution:18878760.0<br>Total Individual Contributions: 37374313.0
2012,NM,8846586.0,20811013.0,34348623,Total PAC contribution:8846586.0<br>Total Individual Contributions: 20811013.0
2012,NV,25534369.0,32329510.0,65132312,Total PAC contribution:25534369.0<br>Total Individual Contributions: 32329510.0
2012,NY,40264959.0,66031361.0,115611323,Total PAC contribution:40264959.0<br>Total Individual Contributions: 66031361.0
2012,OH,40631776.0,67890655.0,134237034,Total PAC contribution:40631776.0<br>Total Individual Contributions: 67890655.0
2012,OK,4091237.0,6584296.0,11403775,Total PAC contribution:4091237.0<br>Total Individual Contributions: 6584296.0
2012,OR,7022518.0,8317574.0,17586227,Total PAC contribution:7022518.0<br>Total Individual Contributions: 8317574.0
2012,PA,27434872.0,32336660.0,65176936,Total PAC contribution:27434872.0<br>Total Individual Contributions: 32336660.0
2012,PR,145324.0,2090785.0,2541528,Total PAC contribution:145324.0<br>Total Individual Contributions: 2090785.0
2012,RI,3021513.0,7605591.0,11503241,Total PAC contribution:3021513.0<br>Total Individual Contributions: 7605591.0
2012,SC,6071950.0,8188541.0,15216410,Total PAC contribution:6071950.0<br>Total Individual Contributions: 8188541.0
2012,SD,2343400.0,4072235.0,7535425,Total PAC contribution:2343400.0<br>Total Individual Contributions: 4072235.0
2012,TN,8377355.0,17144126.0,26595724,Total PAC contribution:8377355.0<br>Total Individual Contributions: 17144126.0
2012,TX,34587030.0,78181487.0,118360226,Total PAC contribution:34587030.0<br>Total Individual Contributions: 78181487.0
2012,UT,13894750.0,14388662.0,30311874,Total PAC contribution:13894750.0<br>Total Individual Contributions: 14388662.0
2012,VA,20276099.0,41681126.0,69694803,Total PAC contribution:20276099.0<br>Total Individual Contributions: 41681126.0
2012,VI,193015.0,218716.0,434823,Total PAC contribution:193015.0<br>Total Individual Contributions: 218716.0
2012,VT,1033711.0,1879032.0,6673953,Total PAC contribution:1033711.0<br>Total Individual Contributions: 1879032.0
2012,WA,8699752.0,22364229.0,36658780,Total PAC contribution:8699752.0<br>Total Individual Contributions: 22364229.0
2012,WI,25077528.0,38440394.0,80737287,Total PAC contribution:25077528.0<br>Total Individual Contributions: 38440394.0
2012,WV,7443327.0,8521985.0,16449027,Total PAC contribution:7443327.0<br>Total Individual Contributions: 8521985.0
2012,WY,2574199.0,2495412.0,5316980,Total PAC contribution:2574199.0<br>Total Individual Contributions: 2495412.0
2014,  ,0.0,0.0,0,Total PAC contribution:0.0<br>Total Individual Contributions: 0.0
2014,AK,10625824.0,13284347.0,24836621,Total PAC contribution:10625824.0<br>Total Individual Contributions: 13284347.0
2014,AL,7200584.0,8546934.0,16297660,Total PAC contribution:7200584.0<br>Total Individual Contributions: 8546934.0
2014,AR,20418961.0,28015747.0,55505005,Total PAC contribution:20418961.0<br>Total Individual Contributions: 28015747.0
2014,AS,5148.0,66480.0,75022,Total PAC contribution:5148.0<br>Total Individual Contributions: 66480.0
2014,AZ,10033859.0,21943400.0,36584714,Total PAC contribution:10033859.0<br>Total Individual Contributions: 21943400.0
2014,CA,47296821.0,74049743.0,131999323,Total PAC contribution:47296821.0<br>Total Individual Contributions: 74049743.0
2014,CO,30867918.0,57934422.0,102154717,Total PAC contribution:30867918.0<br>Total Individual Contributions: 57934422.0
2014,CT,5604276.0,8046369.0,14720012,Total PAC contribution:5604276.0<br>Total Individual Contributions: 8046369.0
2014,DC,277886.0,155242.0,453536,Total PAC contribution:277886.0<br>Total Individual Contributions: 155242.0
2014,DE,2892646.0,3569760.0,6739986,Total PAC contribution:2892646.0<br>Total Individual Contributions: 3569760.0
2014,FL,23712897.0,32842463.0,64460851,Total PAC contribution:23712897.0<br>Total Individual Contributions: 32842463.0
2014,GA,22028738.0,48927007.0,77566662,Total PAC contribution:22028738.0<br>Total Individual Contributions: 48927007.0
2014,GU,29000.0,98408.0,138948,Total PAC contribution:29000.0<br>Total Individual Contributions: 98408.0
2014,HI,5149196.0,14274144.0,21376877,Total PAC contribution:5149196.0<br>Total Individual Contributions: 14274144.0
2014,IA,21506714.0,25466235.0,53180245,Total PAC contribution:21506714.0<br>Total Individual Contributions: 25466235.0
2014,ID,5555796.0,3314540.0,9616092,Total PAC contribution:5555796.0<br>Total Individual Contributions: 3314540.0
2014,IL,28474567.0,31751029.0,66165951,Total PAC contribution:28474567.0<br>Total Individual Contributions: 31751029.0
2014,IN,8063411.0,9105494.0,18190306,Total PAC contribution:8063411.0<br>Total Individual Contributions: 9105494.0
2014,KS,10710432.0,10795600.0,23372117,Total PAC contribution:10710432.0<br>Total Individual Contributions: 10795600.0
2014,KY,16594542.0,29329688.0,62235879,Total PAC contribution:16594542.0<br>Total Individual Contributions: 29329688.0
2014,LA,20730061.0,32225074.0,59662924,Total PAC contribution:20730061.0<br>Total Individual Contributions: 32225074.0
2014,MA,25018847.0,47085973.0,84453347,Total PAC contribution:25018847.0<br>Total Individual Contributions: 47085973.0
2014,MD,6986491.0,6589593.0,15501564,Total PAC contribution:6986491.0<br>Total Individual Contributions: 6589593.0
2014,ME,4850580.0,8215694.0,14474225,Total PAC contribution:4850580.0<br>Total Individual Contributions: 8215694.0
2014,MI,25117906.0,33837861.0,66129765,Total PAC contribution:25117906.0<br>Total Individual Contributions: 33837861.0
2014,MN,10816682.0,19990468.0,38563409,Total PAC contribution:10816682.0<br>Total Individual Contributions: 19990468.0
2014,MO,7923639.0,7947329.0,16523152,Total PAC contribution:7923639.0<br>Total Individual Contributions: 7947329.0
2014,MP,6500.0,86125.0,99108,Total PAC contribution:6500.0<br>Total Individual Contributions: 86125.0
2014,MS,11139653.0,7335604.0,19921469,Total PAC contribution:11139653.0<br>Total Individual Contributions: 7335604.0
2014,MT,7383861.0,13884268.0,24693837,Total PAC contribution:7383861.0<br>Total Individual Contributions: 13884268.0
2014,NC,24380319.0,27487914.0,59792741,Total PAC contribution:24380319.0<br>Total Individual Contributions: 27487914.0
2014,ND,1375322.0,1974675.0,3842923,Total PAC contribution:1375322.0<br>Total Individual Contributions: 1974675.0
2014,NE,7068247.0,10253644.0,19818507,Total PAC contribution:7068247.0<br>Total Individual Contributions: 10253644.0
2014,NH,12629553.0,24577206.0,43089790,Total PAC contribution:12629553.0<br>Total Individual Contributions: 24577206.0
2014,NJ,26107478.0,33814782.0,68314280,Total PAC contribution:26107478.0<br>Total Individual Contributions: 33814782.0
2014,NM,5015296.0,11309504.0,18737314,Total PAC contribution:5015296.0<br>Total Individual Contributions: 11309504.0
2014,NV,6889186.0,6307708.0,13964369,Total PAC contribution:6889186.0<br>Total Individual Contributions: 6307708.0
2014,NY,27496990.0,50956630.0,83782454,Total PAC contribution:27496990.0<br>Total Individual Contributions: 50956630.0
2014,OH,19005608.0,27536092.0,51783689,Total PAC contribution:19005608.0<br>Total Individual Contributions: 27536092.0
2014,OK,8088578.0,12915512.0,23205200,Total PAC contribution:8088578.0<br>Total Individual Contributions: 12915512.0
2014,OR,9254830.0,11044782.0,25138802,Total PAC contribution:9254830.0<br>Total Individual Contributions: 11044782.0
2014,PA,20769321.0,27084693.0,51261774,Total PAC contribution:20769321.0<br>Total Individual Contributions: 27084693.0
2014,PR,74012.0,522271.0,595960,Total PAC contribution:74012.0<br>Total Individual Contributions: 522271.0
2014,RI,2582730.0,3447048.0,6281243,Total PAC contribution:2582730.0<br>Total Individual Contributions: 3447048.0
2014,SC,13356402.0,22879617.0,39113511,Total PAC contribution:13356402.0<br>Total Individual Contributions: 22879617.0
2014,SD,3998272.0,6169855.0,13343727,Total PAC contribution:3998272.0<br>Total Individual Contributions: 6169855.0
2014,TN,9973541.0,11060289.0,22720841,Total PAC contribution:9973541.0<br>Total Individual Contributions: 11060289.0
2014,TX,29502485.0,45396553.0,78178793,Total PAC contribution:29502485.0<br>Total Individual Contributions: 45396553.0
2014,UT,3878739.0,4560581.0,12038827,Total PAC contribution:3878739.0<br>Total Individual Contributions: 4560581.0
2014,VA,17407969.0,34056698.0,56933563,Total PAC contribution:17407969.0<br>Total Individual Contributions: 34056698.0
2014,VI,233456.0,373279.0,630028,Total PAC contribution:233456.0<br>Total Individual Contributions: 373279.0
2014,VT,959732.0,754430.0,2608940,Total PAC contribution:959732.0<br>Total Individual Contributions: 754430.0
2014,WA,8818393.0,9770190.0,21104987,Total PAC contribution:8818393.0<br>Total Individual Contributions: 9770190.0
2014,WI,8781957.0,11775521.0,23792413,Total PAC contribution:8781957.0<br>Total Individual Contributions: 11775521.0
2014,WV,12353484.0,16971159.0,31890407,Total PAC contribution:12353484.0<br>Total Individual Contributions: 16971159.0
2014,WY,2678133.0,2913929.0,5930680,Total PAC contribution:2678133.0<br>Total Individual Contributions: 2913929.0
2016,AK,1088455.0,1980053.0,3123880,Total PAC contribution:1088455.0<br>Total Individual Contributions: 1980053.0
2016,AL,2258752.0,2153667.0,4576408,Total PAC contribution:2258752.0<br>Total Individual Contributions: 2153667.0
2016,AR,1290346.0,1968371.0,3827660,Total PAC contribution:1290346.0<br>Total Individual Contributions: 1968371.0
2016,AS,1000.0,7700.0,9975,Total PAC contribution:1000.0<br>Total Individual Contributions: 7700.0
2016,AZ,3094348.0,8511377.0,14954802,Total PAC contribution:3094348.0<br>Total Individual Contributions: 8511377.0
2016,CA,14471450.0,31810896.0,50816298,Total PAC contribution:14471450.0<br>Total Individual Contributions: 31810896.0
2016,CO,3122236.0,7623001.0,11868040,Total PAC contribution:3122236.0<br>Total Individual Contributions: 7623001.0
2016,CT,2128825.0,5520512.0,8241875,Total PAC contribution:2128825.0<br>Total Individual Contributions: 5520512.0
2016,DC,65750.0,51550.0,118400,Total PAC contribution:65750.0<br>Total Individual Contributions: 51550.0
2016,DE,427194.0,333837.0,813103,Total PAC contribution:427194.0<br>Total Individual Contributions: 333837.0
2016,FL,7795457.0,24398033.0,36900008,Total PAC contribution:7795457.0<br>Total Individual Contributions: 24398033.0
2016,GA,4102439.0,4879715.0,9320706,Total PAC contribution:4102439.0<br>Total Individual Contributions: 4879715.0
2016,GU,3500.0,23010.0,28875,Total PAC contribution:3500.0<br>Total Individual Contributions: 23010.0
2016,HI,1197275.0,2876940.0,4291425,Total PAC contribution:1197275.0<br>Total Individual Contributions: 2876940.0
2016,IA,2477359.0,3041310.0,6474955,Total PAC contribution:2477359.0<br>Total Individual Contributions: 3041310.0
2016,ID,1279552.0,929964.0,2291840,Total PAC contribution:1279552.0<br>Total Individual Contributions: 929964.0
2016,IL,9300653.0,19109693.0,34173458,Total PAC contribution:9300653.0<br>Total Individual Contributions: 19109693.0
2016,IN,3685933.0,9463084.0,13847908,Total PAC contribution:3685933.0<br>Total Individual Contributions: 9463084.0
2016,KS,2188573.0,2022061.0,4432032,Total PAC contribution:2188573.0<br>Total Individual Contributions: 2022061.0
2016,KY,1905966.0,1395589.0,3421281,Total PAC contribution:1905966.0<br>Total Individual Contributions: 1395589.0
2016,LA,2758915.0,3537978.0,6398014,Total PAC contribution:2758915.0<br>Total Individual Contributions: 3537978.0
2016,MA,1759604.0,4080874.0,9798582,Total PAC contribution:1759604.0<br>Total Individual Contributions: 4080874.0
2016,MD,2510484.0,17706374.0,23217160,Total PAC contribution:2510484.0<br>Total Individual Contributions: 17706374.0
2016,ME,1398373.0,2146184.0,3826865,Total PAC contribution:1398373.0<br>Total Individual Contributions: 2146184.0
2016,MI,3795073.0,4759977.0,9372589,Total PAC contribution:3795073.0<br>Total Individual Contributions: 4759977.0
2016,MN,2397628.0,4078368.0,8598605,Total PAC contribution:2397628.0<br>Total Individual Contributions: 4078368.0
2016,MO,5600986.0,7751474.0,14020846,Total PAC contribution:5600986.0<br>Total Individual Contributions: 7751474.0
2016,MP,0.0,0.0,0,Total PAC contribution:0.0<br>Total Individual Contributions: 0.0
2016,MS,1718448.0,4613159.0,6668330,Total PAC contribution:1718448.0<br>Total Individual Contributions: 4613159.0
2016,MT,636298.0,1461113.0,3205185,Total PAC contribution:636298.0<br>Total Individual Contributions: 1461113.0
2016,NC,4882230.0,6091386.0,11728083,Total PAC contribution:4882230.0<br>Total Individual Contributions: 6091386.0
2016,ND,1117813.0,923050.0,2146029,Total PAC contribution:1117813.0<br>Total Individual Contributions: 923050.0
2016,NE,1187154.0,1458896.0,2828743,Total PAC contribution:1187154.0<br>Total Individual Contributions: 1458896.0
2016,NH,1979163.0,4323486.0,7244964,Total PAC contribution:1979163.0<br>Total Individual Contributions: 4323486.0
2016,NJ,3509878.0,3906027.0,7888473,Total PAC contribution:3509878.0<br>Total Individual Contributions: 3906027.0
2016,NM,1552129.0,2985473.0,4906589,Total PAC contribution:1552129.0<br>Total Individual Contributions: 2985473.0
2016,NV,2645598.0,8111668.0,12837677,Total PAC contribution:2645598.0<br>Total Individual Contributions: 8111668.0
2016,NY,8987763.0,23518781.0,34220830,Total PAC contribution:8987763.0<br>Total Individual Contributions: 23518781.0
2016,OH,7934450.0,16592990.0,27304545,Total PAC contribution:7934450.0<br>Total Individual Contributions: 16592990.0
2016,OK,1741325.0,2292295.0,4366685,Total PAC contribution:1741325.0<br>Total Individual Contributions: 2292295.0
2016,OR,2735698.0,4765072.0,8306366,Total PAC contribution:2735698.0<br>Total Individual Contributions: 4765072.0
2016,PA,6802652.0,12171725.0,21363857,Total PAC contribution:6802652.0<br>Total Individual Contributions: 12171725.0
2016,PR,20850.0,119900.0,140750,Total PAC contribution:20850.0<br>Total Individual Contributions: 119900.0
2016,RI,411078.0,972619.0,1484183,Total PAC contribution:411078.0<br>Total Individual Contributions: 972619.0
2016,SC,2732031.0,7655313.0,11088180,Total PAC contribution:2732031.0<br>Total Individual Contributions: 7655313.0
2016,SD,1518650.0,1406944.0,3134298,Total PAC contribution:1518650.0<br>Total Individual Contributions: 1406944.0
2016,TN,1788962.0,2182100.0,4135095,Total PAC contribution:1788962.0<br>Total Individual Contributions: 2182100.0
2016,TX,8329843.0,11295821.0,20361675,Total PAC contribution:8329843.0<br>Total Individual Contributions: 11295821.0
2016,UT,2124601.0,3553421.0,6586255,Total PAC contribution:2124601.0<br>Total Individual Contributions: 3553421.0
2016,VA,2899259.0,4910601.0,8418614,Total PAC contribution:2899259.0<br>Total Individual Contributions: 4910601.0
2016,VI,19589.0,56300.0,76564,Total PAC contribution:19589.0<br>Total Individual Contributions: 56300.0
2016,VT,751370.0,1108323.0,1859823,Total PAC contribution:751370.0<br>Total Individual Contributions: 1108323.0
2016,WA,3515636.0,4726657.0,9673654,Total PAC contribution:3515636.0<br>Total Individual Contributions: 4726657.0
2016,WI,4169553.0,8850446.0,17643692,Total PAC contribution:4169553.0<br>Total Individual Contributions: 8850446.0
2016,WV,855317.0,704961.0,1634645,Total PAC contribution:855317.0<br>Total Individual Contributions: 704961.0
2016,WY,228800.0,230484.0,465853,Total PAC contribution:228800.0<br>Total Individual Contributions: 230484.0
